城市名,县区名,年份,城乡养老保险参保万人,城乡养老保险缴费万人,城乡养老保险离退休万人,城乡养老保险缴费万元,城乡养老保险支出万元,企业养老保险参保万人,企业养老保险缴费万人,企业养老保险离退休万人,企业养老保险缴费万元,企业养老保险支出万元,机关养老保险参保人数,机关养老保险缴费人数,机关养老保险离退休人数,机关养老保险缴费万元,机关养老保险支出万元,所属省份
阿坝藏族羌族自治州,理县,2023,1.6189,,,411.14,914.51,0.6138,0.257,0.3568,6644,9378,3049,1826,1223,8489,9348,四川省
阿坝藏族羌族自治州,理县,2022,1.6382,0.8901,0.7481,282.94,,0.6043,0.269,0.3353,5974.5,8570,3054,1873,1181,7284.5,8792,四川省
阿坝藏族羌族自治州,理县,2020,1.6876,1.0127,0.6749,236.47,,0.6518,0.3454,0.3064,3145,7201,3094,1959,1135,5878,7831,四川省
阿克苏地区,阿克苏市,2022,12.97,,,5362.67,4700,7.2,,,88400,47000,16700,,,35500,38500,新疆维吾尔自治区
阿克苏地区,阿克苏市,2021,12.47,,,4751.9,4477.35,5.86,,,72400,44800,16400,,,27700,36300,新疆维吾尔自治区
阿克苏地区,乌什县,2023,12.23,,,2246.07,3873.06,0.76,,,8471.85,5096.86,8500,,,19324.89,18349.41,新疆维吾尔自治区
阿克苏地区,乌什县,2022,11.1723,9.6581,1.5142,6245.75,3407.64,0.7404,0.6071,0.1333,8361.54,4912.96,10646,8282,2364,21885.61,17458.19,新疆维吾尔自治区
阿克苏地区,乌什县,2021,,,,,,,,,,,10129,7805,2324,14523.81,16285.08,新疆维吾尔自治区
阿克苏地区,乌什县,2020,11.0749,9.6644,1.4105,13752.09,14958.12,0.5784,0.4514,0.127,5531.77,4556.54,9583,7408,2175,1858.21,2622.54,新疆维吾尔自治区
阿拉善盟,额济纳旗,2023,0.5907,,,133.57,694.75,0.6667,,,14806.68,14806.49,16302,4150,12152,11503.08,,内蒙古自治区
阿勒泰地区,福海县,2023,2.144,1.6671,0.4769,,1174,2.1484,1.3869,0.4964,,17612,,,2651,,19994,新疆维吾尔自治区
阿勒泰地区,福海县,2022,2.2324,1.7939,0.4385,,992,2.2314,1.507,0.7244,,16373,,,2582,,18793,新疆维吾尔自治区
阿勒泰地区,福海县,2021,1.8808,1.4742,0.4066,,,1.4592,1.0038,0.4554,,,,,2560,,,新疆维吾尔自治区
安康市,平利县,2020,,,,,,,,,,,,,,,,陕西省
安康市,石泉县,2015,10.0406,,,,,0.7474,,,,,,,,,,陕西省
安庆市,怀宁县,2022,39.8415,,,,,5.9675,,,,,15225,,,,,安徽省
安顺市,紫云苗族布依族自治县,2011,,,,,,0.2556,,,,,96,,,,,贵州省
安阳市,安阳县,2023,31.53,,,,,,,,,,,,,,,河南省
巴彦淖尔市,五原县,2023,11.8726,7.4081,4.4645,7021.25,9750.55,3.8109,1.8892,1.9217,23500,60600,11100,5749,5351,12000,33100,内蒙古自治区
巴彦淖尔市,五原县,2022,11.9503,7.8496,4.1007,6729.58,8865.6,3.6345,1.8053,1.8292,19500,54900,11119,5919,5200,11072.11,29917.69,内蒙古自治区
巴彦淖尔市,五原县,2021,12.0185,7.9973,4.0212,7057.81,,1.827,0.0612,1.7658,18536,51000,11189,6176,5013,,27600,内蒙古自治区
巴彦淖尔市,五原县,2020,12.0639,8.2416,3.8223,,,3.482,1.6997,1.7823,14000,48000,11181,6200,4981,,25600,内蒙古自治区
巴音郭楞蒙古自治州,和硕县,2023,1.2214,0.8632,0.3582,853,962,,,0.1883,10367,19216,3263,1492,1771,8083,13188,新疆维吾尔自治区
巴音郭楞蒙古自治州,和硕县,2022,1.5944,1.2634,0.331,801.45,857.22,1.0155,0.4972,0.5183,10307.4,19099.53,3223,1557,1666,6886.44,12335.32,新疆维吾尔自治区
巴中市,巴州区,2023,27.08,,,,,12.91,,,,,18200,,,,,四川省
巴中市,巴州区,2022,0.56,,,,,12.8,,,,,11800,,,,,四川省
巴中市,巴州区,2021,28.16,,,,,13.74,,,,,18100,,,,,四川省
巴中市,巴州区,2020,37.4,,,,,13.54,,,,,18000,,,,,四川省
白山市,长白朝鲜族自治县,2022,2.2475,1.5393,0.7082,,1110.5,2.8165,1.2871,1.5294,,11731.3,4213,1767,2446,,15666.2,吉林省
白银市,白银区,2022,5.8167,,,4205,,2.2425,,,17474,,10399,,,15356,,甘肃省
白银市,白银区,2021,5.826,,,5111,,1.9976,,,14626,,10025,,,11153,,甘肃省
白银市,会宁县,2023,31.5399,21.6299,9.91,4782,17591.42,0.5828,0.1442,0.4386,8724.33,12716.88,13610,8749,4861,23200,32200,甘肃省
白银市,会宁县,2022,21.8652,12.4627,9.4025,4886.46,14684.61,0.5554,0.1368,0.4186,7427.6,12544.2,18423,13848,4575,23550,30040,甘肃省
白银市,景泰县,2021,12.7069,,,,,1.7253,,,,,10063,,,,,甘肃省
白银市,景泰县,2020,12.7069,,,,,1.4381,,,,,10063,,,,,甘肃省
宝鸡市,陈仓区,2022,19.82,,,,,3.31,,,,,11500,,,,,陕西省
宝鸡市,陈仓区,2021,19.9865,,,,,3.6233,,,,,11382,,,,,陕西省
宝鸡市,陈仓区,2020,20.4,,,,,3.2,,,,,6900,,,,,陕西省
宝鸡市,陇县,2023,12.8788,,,,,1.5456,,,,,8835,,,,,陕西省
宝鸡市,陇县,2022,13.3274,,,,,1.0775,,,,,8692,,,,,陕西省
宝鸡市,陇县,2021,13.2506,,,,,1.4363,,,,,8591,,,,,陕西省
宝鸡市,陇县,2020,13.1719,,,,,1.423,,,,,8689,,,,,陕西省
宝鸡市,眉县,2021,15.0306,,,,,2.2706,,,,,6839,,,,,陕西省
宝鸡市,太白县,2022,2.2167,,,,,0.4111,,,,,2346,,,,,陕西省
宝鸡市,太白县,2021,2.5891,,,,,0.4049,,,,,3242,,,,,陕西省
宝鸡市,太白县,2020,2.3885,,,,,0.3945,,,,,3186,,,,,陕西省
保定市,清苑区,2023,,,,,,1.872,1.2417,0.6303,,22719.7,12581,6471,6110,,40257.6,河北省
保山市,施甸县,2023,22.61,,,,,0.91,,,,,9800,,,,,云南省
保山市,施甸县,2022,21.63,,,,,0.62,,,,,6900,,,,,云南省
保山市,施甸县,2021,21.49,,,,,1.13,,,,,7000,,,,,云南省
保山市,施甸县,2020,21.45,,,,,1.38,,,,,6900,,,,,云南省
毕节市,织金县,2023,,,,,,4.51,,,,,22500,,,,,贵州省
滨州市,北海经济开发区,2020,,,,,,1.3334,,,6440.1,,527,,,1173.27,,山东省
滨州市,滨城区,2020,,,,,,,,,,,,,,,,山东省
滨州市,博兴县,2023,28.8768,,,30913,,10.4034,,,103559,,11927,,,25164,,山东省
滨州市,博兴县,2022,31.3973,,,41583,,9.9987,,,90167,,12193,,,41495,,山东省
滨州市,博兴县,2021,28.3942,,,27574,,9.2541,,,55182,,12319,,,38506,,山东省
滨州市,无棣县,2023,,,,,,5.6,,,,,10100,,,,,山东省
滨州市,阳信县,2020,30,,,,,5.38,3.98,1.4,30200,,,,,,,山东省
滨州市,沾化区,2022,23.39,,,4400,17500,4.12,3.05,1.07,43800,32500,,8205,,15300,,山东省
兵团,第二师铁门关市,2020,,,,,,,,,,,,,,,,新疆维吾尔自治区
兵团,第十二师,2022,0.2774,,,,,5.7771,,,,,,,,,,新疆维吾尔自治区
兵团,第十三师新星市,2022,,,,,,,,,,,,,,,,新疆维吾尔自治区
兵团,第十三师新星市,2021,,,,,,,,,,,,,,,,新疆维吾尔自治区
兵团,第十师北屯市,2023,0.31,,,,,2.77,,,,,5200,,,,,新疆维吾尔自治区
兵团,第五师双河市,2022,8.75,,,,,,,,,,,,,,,新疆维吾尔自治区
兵团,第五师双河市,2021,8.54,,,,,,,,,,,,,,,新疆维吾尔自治区
昌吉回族自治州,奇台县,2021,,,,,,1.9828,1.1025,0.8803,,29400,6816,2649,4167,,30200,新疆维吾尔自治区
常德市,安乡县,2023,27.8986,,,,16413.86,8.7963,,,32612,,16865,,,18554,,湖南省
常德市,安乡县,2022,28.2559,,,,12224,4.8688,,,30483,,10664,,,16825,,湖南省
常德市,安乡县,2021,28.5963,,,,12752,4.5102,,,27720,,11415,,,17175,,湖南省
常德市,安乡县,2020,29.072,,,,12138,4.3018,,,43749,,11278,,,18789,,湖南省
常德市,澧县,2020,46.54,,,,,13.91,,,,,27300,,,,,湖南省
常德市,武陵区,2023,7.8456,5.6475,2.1981,,4399.61,15.9617,10.6366,5.3251,77316.71,141392.86,5081,1629,3452,12427.4,21339.92,湖南省
常德市,武陵区,2022,8.0115,5.9872,2.0243,,3427.85,10.5165,8.4396,4.8564,74980.89,125721.03,5041,1680,3361,8106.42,19864.76,湖南省
常德市,武陵区,2021,8.1342,5.8231,2.3111,,3316.88,11.2066,6.0432,5.1634,78927.01,138891.17,,,,,,湖南省
常德市,武陵区,2020,8.5065,6.393,2.1135,,2800.5,10.7867,5.8113,4.9754,116622.05,127738.1,,,,,,湖南省
常州市,金坛区,2022,,,,,,,,19.3,219500,,,,,,,江苏省
常州市,天宁区,2022,,0.6,2.21,,,21.1,,,317000,,9475,5410,4065,,,江苏省
常州市,天宁区,2021,,0.6,2.3,,,20.75,,,201600,,9475,5410,4065,,,江苏省
常州市,天宁区,2020,,0.78,,,,14.06,,,,,9265,5200,4065,,,江苏省
朝阳市,龙城区,2022,9.0864,6.2256,2.8608,4220,3124,4.8673,4.0507,0.8166,,14130,,,,,,辽宁省
朝阳市,双塔区,2023,,,1.886,,3134,13.6966,5.0932,0.7169,,21001,6519,4479,2040,,11712.75,辽宁省
潮州市,饶平县,2023,,,,,,,,,,,,,,,,广东省
郴州市,安仁县,2023,,,,,,2.5,1.9,0.6,,,14000,10000,4000,,,湖南省
郴州市,安仁县,2022,25,,,,,2.4,1.7,0.6,,,14000,10000,4000,,,湖南省
郴州市,安仁县,2021,24.8,,,,,2.4,1.8,0.6,,,14000,10000,4000,,,湖南省
郴州市,安仁县,2020,,,,,,2.04,1.41,0.55,,,13900,9700,4300,,,湖南省
郴州市,安仁县,2019,,,,,,1.93,1.4,0.5,,,13800,19600,4200,,,湖南省
郴州市,安仁县,2012,,,,,,1.6388,,,1811,,9713,1262,8451,,,湖南省
郴州市,安仁县,2011,,,,,,1.6089,,,2014,,9785,,,7226,,湖南省
郴州市,安仁县,2005,,,,,,,,,,761.5,9939,,,,,湖南省
郴州市,安仁县,2004,,,,,,,,,,761.5,9939,,,,,湖南省
郴州市,北湖区,2023,10.7206,,,,,11.5864,9.6125,1.9559,,,13709,9697,4012,,,湖南省
郴州市,北湖区,2022,10.723,,,,,11.4081,,,,,13094,,,,,湖南省
郴州市,北湖区,2021,10.66,,,,,11.49,,,,,12900,,,,,湖南省
郴州市,北湖区,2020,10.7,,,,,10.9,,,,,12000,,,,,湖南省
郴州市,北湖区,2019,10.5,,,,,11.6,,,,,12000,,,,,湖南省
郴州市,北湖区,2018,11.87,,,,,3.3494,,,,,8217,,,,,湖南省
郴州市,北湖区,2017,11.7584,,,,,3.3494,,,,,7829,4577,3252,,,湖南省
郴州市,北湖区,2016,11.8863,,,,,3.3494,,,,,7780,,,,,湖南省
郴州市,北湖区,2015,9.9251,,,,,3.3428,,,,,7876,,,,,湖南省
郴州市,北湖区,2014,10.0343,,,,,3.3428,,,,,7632,,,,,湖南省
郴州市,北湖区,2013,,,,,,3.9,,,,20811,7521,,,,,湖南省
郴州市,北湖区,2012,,,,,,3.923,,,,16769,7309,,,,,湖南省
郴州市,北湖区,2011,,,,,,3.6115,,,,13551,7366,,,,,湖南省
郴州市,北湖区,2010,,,,,,3.2361,,,,11000,6821,,,,,湖南省
郴州市,北湖区,2009,,,,,,3.082,,,,96959,6838,,,,,湖南省
郴州市,北湖区,2008,,,,,,2.7034,,,,7450,6556,,,,,湖南省
郴州市,北湖区,2007,,,,,,2.2846,,,,5955,6907,,,,,湖南省
郴州市,北湖区,2006,,,,,,,,,,,8684,6685,1999,,,湖南省
郴州市,桂东县,2011,,,,,,0.8148,,,,,3713,,,,,湖南省
郴州市,桂东县,2010,,,,,,0.7055,,,,,3716,,,,,湖南省
郴州市,桂阳县,2013,,,,,,1.93,,,,,18600,,,,,湖南省
郴州市,桂阳县,2012,,,,,,2.78,,,,,18600,,,,,湖南省
郴州市,桂阳县,2011,,,,,,3.1801,,,,,13907,,,,,湖南省
郴州市,桂阳县,2010,,,,,,2.704,,,,,13812,,,,,湖南省
郴州市,嘉禾县,2017,12.7348,,,19556,,1.3945,,,5916,,8181,,,9600,,湖南省
郴州市,嘉禾县,2016,20.5399,,,1736.46,,,,,5050,,7778,,,9600,,湖南省
郴州市,嘉禾县,2014,,,,,,1.2918,,,,,8043,,,,,湖南省
郴州市,嘉禾县,2013,,,,,,,,,,,26625,,,,,湖南省
郴州市,嘉禾县,2012,,,,,,1.5168,,,,,8146,,,,,湖南省
郴州市,嘉禾县,2011,,,,,,1.4894,,,,,8037,,,,,湖南省
郴州市,嘉禾县,2010,,,,,,1.3707,,,,,8035,,,,,湖南省
郴州市,临武县,2016,16.8696,12.7447,4.1249,,,1.0316,,,,,8139,,,,,湖南省
郴州市,临武县,2015,16.8696,12.7447,4.1249,,,1.0316,,,,,8139,,,,,湖南省
郴州市,临武县,2014,15.9212,11.9327,3.9885,,,1.028,,,,,7886,,,,,湖南省
郴州市,临武县,2013,15.7588,11.9199,3.8389,,,1.2082,,,,,7664,,,,,湖南省
郴州市,临武县,2012,,,,,,1.1438,,,,,7742,,,,,湖南省
郴州市,临武县,2011,,,,,,1.7249,,,,,7682,,,,,湖南省
郴州市,临武县,2010,,,,,,1.7826,,,,,7823,,,,,湖南省
郴州市,临武县,2007,,,,,,1.1326,,,,1761,7737,,,,,湖南省
郴州市,临武县,2006,,,,,,1.0253,,,1272,,7708,,,,,湖南省
郴州市,汝城县,2023,22.5752,,,,,2.487,1.9871,0.4999,,,14962,10234,4728,,,湖南省
郴州市,汝城县,2021,22.8908,,,,,2.2637,1.8,0.4637,,,14393,10014,4379,,,湖南省
郴州市,汝城县,2012,,,,,,1.8634,,,,,8910,,,,,湖南省
郴州市,汝城县,2011,,,,,,1.8896,,,,,8910,,,,,湖南省
郴州市,汝城县,2010,,,,,,,,,,,,,,,,湖南省
郴州市,汝城县,2009,,,,,,,,,,,,,,,,湖南省
郴州市,汝城县,2005,,,,,,0.9375,,,,,8912,,,,,湖南省
郴州市,汝城县,2004,,,,,,0.7451,,,,,8972,,,,,湖南省
郴州市,汝城县,2003,,,,,,0.6556,,,,,9030,,,,,湖南省
郴州市,苏仙区,2014,,,,,,2.4,,,,,7300,,,,,湖南省
郴州市,苏仙区,2013,,,,,,2.45,,,,,7200,,,,,湖南省
郴州市,苏仙区,2012,,,,,,2.2624,,,,,6980,,,,,湖南省
郴州市,苏仙区,2011,,,,,,2.0461,,,,,6879,,,,,湖南省
郴州市,苏仙区,2010,,,,,,1.9862,,,,,7065,,,,,湖南省
郴州市,苏仙区,2009,,,,,,1.8226,,,,,6769,,,,,湖南省
郴州市,苏仙区,2008,,,,,,1.116,0.737,0.379,,4261.2,6811,4442,2369,,6040.8,湖南省
郴州市,苏仙区,2007,,,,,,1.4405,,,,3193,6838,,,,,湖南省
郴州市,苏仙区,2006,,,,,,1.3069,,,,,6851,,,,,湖南省
郴州市,苏仙区,2005,,,,,,0.7956,,,,,6908,,,,,湖南省
郴州市,苏仙区,2004,,,,,,1.019,0.7803,0.2387,,1420,7490,,,,,湖南省
郴州市,宜章县,2021,,,,,,3.158,,,,,13688,,,,,湖南省
郴州市,宜章县,2020,3,,,,,3.7,,,,,19000,,,,,湖南省
郴州市,宜章县,2018,,,,,,2.22,,,,,12700,,,,,湖南省
郴州市,宜章县,2017,,,,,,2.24,,,,,12900,,,,,湖南省
郴州市,宜章县,2015,,,,,,2.2613,,,,,13670,,,,,湖南省
郴州市,宜章县,2007,,,,,,,,,,,,,,,,湖南省
郴州市,宜章县,2006,,,,,,,,,,,,,,,,湖南省
郴州市,宜章县,2005,,,,,,,,,,,,,,,,湖南省
郴州市,宜章县,2004,,,,,,,,,,,,,,,,湖南省
郴州市,宜章县,2003,,,,,,,,,,,,,,,,湖南省
郴州市,宜章县,2002,,,,,,,,,,,,,,,,湖南省
郴州市,永兴县,2012,,,,,,2.19,,,,,13200,,,,,湖南省
郴州市,永兴县,2011,,,,,,1.58,,,,,13000,,,,,湖南省
郴州市,永兴县,2010,,,,,,1.89,,,,,13100,,,,,湖南省
郴州市,永兴县,2009,,,,,,1.8425,,,,,12882,,,,,湖南省
郴州市,永兴县,2008,,,,,,1.7653,,,,,12987,,,,,湖南省
郴州市,永兴县,2007,,,,,,1.2371,,,,,12987,,,,,湖南省
郴州市,资兴市,2012,,,,,,2.5945,,,,,15395,,,,,湖南省
郴州市,资兴市,2011,,,,,,2.5853,,,,,11115,,,,,湖南省
郴州市,资兴市,2010,0.035,,,,,2.3355,,,,,11054,,,,,湖南省
成都市,崇州市,2020,26.2046,,,,,23.7195,,,,,18795,,,,,四川省
成都市,彭州市,2023,24.38,,,,,28.33,,,,,20800,,,,,四川省
承德市,滦平县,2023,13.5343,,,,,5.3817,,,,,13690,,,,,河北省
承德市,双滦区,2022,3.1149,,,,,2.9326,,,,,5231,,,,,河北省
承德市,围场满族蒙古族自治县,2023,29.3661,,,,17199,3.3355,2.2812,1.0543,26202,36091,12411,6430,5981,21984,32151,河北省
承德市,围场满族蒙古族自治县,2022,24.3644,,,,14377,2.952,1.9483,1.0037,24391,36726,12149,6412,5737,29203,34889,河北省
承德市,围场满族蒙古族自治县,2021,29.6576,,,,13334,4.7047,3.7238,0.9809,22852,32684,20271,15427,4844,19931,27203,河北省
承德市,围场满族蒙古族自治县,2020,29.8113,,,,12348,3.308,2.3496,0.9584,16672,29451,17628,12393,5235,20107,27138,河北省
赤峰市,巴林左旗,2023,16.8978,,,2982.9,11432.8,4.0011,,,26774.5,57556.5,15850,,,19620,41812,内蒙古自治区
赤峰市,巴林左旗,2021,16.6949,11.6874,5.0075,2801,9584,2.2376,0.5209,1.7167,20969,48944,9519,3969,5550,21660,37145,内蒙古自治区
赤峰市,林西县,2023,8.9346,5.3772,3.5574,,6941.17,3.2531,1.1082,2.1449,48600,64200,8925,4747,4178,,33400,内蒙古自治区
赤峰市,林西县,2020,8.8981,5.7116,3.1865,,5941.2,2.4533,0.4401,2.0132,13200,55300,6747,2826,3921,,24400,内蒙古自治区
滁州市,全椒县,2023,23.8,,,,,4.9,,,,,12000,,,,,安徽省
滁州市,全椒县,2022,11.9,,,,,4.6,,,,,12000,,,,,安徽省
滁州市,全椒县,2021,12.91,,,,,6.19,,,,,11700,,,,,安徽省
滁州市,天长市,2023,34.19,,,,,10.93,7.92,3.01,,,16700,9900,6700,,,安徽省
滁州市,天长市,2020,35.2873,,,,,7.5754,5.0609,2.5145,,,16569,10331,6238,,,安徽省
楚雄彝族自治州,牟定县,2022,12.408,,,,,1.84,0.98,0.86,,,4400,,,,,云南省
达州市,大竹县,2007,,,,,,2.8856,,,5957,,22003,,,7910,,四川省
达州市,渠县,2021,58.17,,,17596.59,,13.1031,6.4156,6.6875,43287,164819,30769,19786,10983,48859,74728,四川省
达州市,通川区,2012,,,,,,,,,,,10577,,,9771,9348,四川省
大理白族自治州,巍山彝族回族自治县,2022,18.9068,14.7189,4.1879,3413.43,7008,1.4387,,,10348.01,13555,8029,5876,2153,9700.93,20397,云南省
大理白族自治州,巍山彝族回族自治县,2021,,,,,,0.9797,,,10385,13169,5938,3855,2083,13302.89,12691.17,云南省
大理白族自治州,巍山彝族回族自治县,2020,18.9903,,,,5755.99,0.914,,,5816.67,12087.49,8003,,,13033.14,,云南省
大理白族自治州,祥云县,2023,25.49,,,,,3.73,3.03,0.7,,,11400,8400,3000,,,云南省
大理白族自治州,祥云县,2022,25.51,,,,,3.32,2.69,0.63,,,11400,8400,3000,,,云南省
大理白族自治州,祥云县,2021,25.16,,,,,2.52,,,,,8500,,,,,云南省
大理白族自治州,祥云县,2020,25.71,,,,,2.37,,,,,8600,,,,,云南省
大理白族自治州,云龙县,2021,12.66,,,,4782,0.9242,,,,7661,7126,,,,12432,云南省
大连市,长海县,2020,0.4067,,,,2280,1.3319,,,,35693,2400,,,,13786,辽宁省
大同市,云州区,2023,7.9224,5.0734,2.849,1686,5524.67,1.4215,,,14400,26000,8013,4266,3747,8266.28,21500,山西省
大同市,云州区,2022,7.9503,5.1481,2.8022,1578,4978,1.3644,0.6048,0.7596,10704,23823,7388,4265,3123,8053,19443,山西省
大同市,云州区,2021,6.5458,3.6293,2.9165,1602,4498,1.2499,0.5395,0.7104,7738,21864,7282,4213,3069,4175,17136,山西省
大同市,云州区,2020,,,,,,1.0415,0.393,0.6485,3004,16344,7418,4377,3041,4874,13660,山西省
德州市,德城区,2021,9.44,6.14,3.3,,6538,7.216,4.866,2.35,72700,73000,,,,,,山东省
德州市,平原县,2016,25.17,17.18,7.99,3690,9294.6,4.12,2.93,1.19,25000,24000,10800,5808,4992,20600,21000,山东省
德州市,平原县,2015,,,,,,3.764,,,24090,,10820,,,20497,,山东省
迪庆藏族自治州,维西傈僳族自治县,2023,9.7587,,,,,1.5841,1.4798,0.1043,,3685.6,,,2322,,27632,云南省
迪庆藏族自治州,维西傈僳族自治县,2022,9.69,,,,2625.8498,1.4201,1.3223,0.0978,,3632,,,2182,,25663,云南省
定西市,岷县,2023,,,,,,1.0639,,,,,14817,,,,,甘肃省
定西市,岷县,2022,26.8926,,,,,1.024,,,,,14699,,,,,甘肃省
定西市,通渭县,2022,23.7308,,,,,0.8975,,,,,12023,,,,,甘肃省
东营市,东营区,2021,9.8,,,,,10.11,,,,,9800,,,,,山东省
东营市,垦利区,2023,11.7493,,,,,4.4196,,,,,8564,,,,,山东省
东营市,垦利区,2022,12.71,,,,,5.1755,,,,,8564,,,,,山东省
东营市,利津县,2020,,,,,,,3.0568,,16800,,,8758,,15200,,山东省
鄂尔多斯市,达拉特旗,2021,15.27,9.18,6.09,51663,37988,2.95,1.8,1.15,47855,41165,10900,5412,5488,23070,40128,内蒙古自治区
鄂尔多斯市,达拉特旗,2020,15.3,9.2558,6.0442,,37384,2.94,1.85,1.09,,37600,10900,5642,5258,,36431,内蒙古自治区
鄂尔多斯市,乌审旗,2022,3.9026,,,,,2.7374,,,,,5724,,,,,内蒙古自治区
鄂尔多斯市,乌审旗,2021,3.9177,,,,,1.8221,,,,,8551,,,,,内蒙古自治区
鄂尔多斯市,伊金霍洛旗,2023,5.6414,3.1278,2.5136,,,9.6729,8.4851,1.1878,,,17090,,,,,内蒙古自治区
恩施土家族苗族自治州,恩施市,2020,3.8026,,,,,11.77,,,,,20600,,,,,湖北省
恩施土家族苗族自治州,恩施市,2019,38.26,,,,,10.57,,,,,20300,,,,,湖北省
恩施土家族苗族自治州,建始县,2022,27.4367,,,,,4.3782,,,,,16389,,,,,湖北省
恩施土家族苗族自治州,来凤县,2023,14.5547,,,,,4.2739,,,,,11510,,,,,湖北省
恩施土家族苗族自治州,来凤县,2022,14.0595,,,,,4.1169,,,,,,,,,,湖北省
恩施土家族苗族自治州,来凤县,2021,14.1618,,,,,3.9402,,,,,10857,,,,,湖北省
佛山市,顺德区,2022,14.87,,,,,,,,,,,,,,,广东省
福州市,平潭综合实验区,2020,20.14,,,,,3.72,,,,,7850,,,,,福建省
阜阳市,临泉县,2023,122.38,,,,,4.35,,,,,22100,,,,,安徽省
甘南藏族自治州,迭部县,2020,2.7275,2.1173,0.5855,601.97,851,,,,954,1907,6281,,,,8257,甘肃省
甘南藏族自治州,迭部县,2017,,,,1075.18,,,,,3873,,5614,,,,,甘肃省
甘南藏族自治州,迭部县,2015,2.3916,1.7935,0.5981,195,720,0.2332,0.2125,0.0207,1669,1447,,,,,,甘肃省
甘南藏族自治州,临潭县,2023,9.5118,,,1175.77,4009.76,0.1868,,,2165,2085,6615,,,11789.97,11152.2,甘肃省
甘南藏族自治州,临潭县,2022,9.6024,,,1332,3377,0.1586,,,1668,1997,6590,,,12033,10307,甘肃省
甘南藏族自治州,临潭县,2021,9.6449,,,1728.02,3359.94,0.149,,,1550,1811,6540,,,12909.34,10158.36,甘肃省
甘南藏族自治州,临潭县,2020,9.7478,,,1506.49,3034.82,0.1316,,,1099.99,1672.35,6646,,,11254.26,9370.35,甘肃省
甘南藏族自治州,临潭县,2019,9.7144,,,1157.53,2945.48,0.129,,,990.2,1605.85,6453,,,13660.65,8430.92,甘肃省
甘南藏族自治州,玛曲县,2023,,,,513.7,727.53,0.1614,,,2370,2392,,3295,,7587,9340,甘肃省
甘南藏族自治州,玛曲县,2022,,,,,,,1691,,2400,968,,3230,,8868,9079,甘肃省
甘南藏族自治州,玛曲县,2021,,,,1014,565,,0.14,,1704.5,1804,,4400,,7108,7963,甘肃省
甘南藏族自治州,舟曲县,2019,,,1.7248,,2708.5,,,,,,,,,,,甘肃省
甘南藏族自治州,卓尼县,2019,5.9884,,,,,0.1075,0.0565,0.051,,,6304,5184,1120,,,甘肃省
甘南藏族自治州,卓尼县,2018,5.7943,,,,,0.925,0.867,0.058,,,6602,5440,1162,,,甘肃省
甘南藏族自治州,卓尼县,2017,5.3652,,,,,0.0767,0.0189,0.0578,,,4546,3748,798,,,甘肃省
甘南藏族自治州,卓尼县,2016,5.1917,,,,,,,,,,1462,,,,,甘肃省
甘南藏族自治州,卓尼县,2015,5.4637,,,,,,,,,,1295,,,,,甘肃省
甘南藏族自治州,卓尼县,2014,5.4989,,,,,,,,,,1483,,,,,甘肃省
甘孜藏族自治州,白玉县,2021,,,,,,0.2582,,,,,2420,,,,,四川省
甘孜藏族自治州,得荣县,2022,1.2704,0.9789,0.2915,,,0.183,0.157,0.026,1873.59,,2696,2097,599,4914.27,,四川省
甘孜藏族自治州,得荣县,2021,1.2704,0.9789,0.2915,,,0.1791,0.1544,0.0247,1552.17,,2696,2097,599,4560.34,,四川省
甘孜藏族自治州,得荣县,2020,1.5703,1.2805,0.2898,,,0.1432,0.1201,0.0231,1008.4,,2562,1993,569,4730.98,,四川省
甘孜藏族自治州,九龙县,2022,2.4202,1.7752,0.645,1178.7,,0.6271,0.5921,0.035,5897.3,,3974,3821,153,6192.8,,四川省
甘孜藏族自治州,九龙县,2021,2.3969,1.8274,0.5695,1098.4,,0.5456,0.4379,0.1077,4250.59,,3700,2704,996,6254.89,,四川省
甘孜藏族自治州,康定市,2021,,,,,,,,,,,,,,,,四川省
甘孜藏族自治州,理塘县,2023,3.17,2.72,0.45,279.89,,0.37,0.29,0.08,4000.96,,4800,3300,1500,9780.87,,四川省
甘孜藏族自治州,色达县,2022,2.4137,2.0045,0.4092,265.5,,0.1788,0.1188,0.06,,,2512,1553,959,6849.6181,,四川省
甘孜藏族自治州,色达县,2021,2.2176,1.8002,0.4174,317.75,,0.1961,0.1367,0.0594,2306.4589,,2462,1508,954,8634.0965,,四川省
甘孜藏族自治州,新龙县,2022,2.48,2,0.48,6,,0.37,0.262,0.108,1335,,3400,2630,770,3219,,四川省
赣州市,宁都县,2023,38.6,,,36100,,7.1,,,63400,,,,,41400,,江西省
赣州市,宁都县,2022,38.6,,,31000,,8.2,,,61200,,,,,36100,,江西省
赣州市,宁都县,2021,38.3,,,26900,,8.07,,,56500,,,,,32200,,江西省
广元市,青川县,2022,10.5218,,,,,2.6941,,,,,9743,,,,,四川省
广元市,旺苍县,2023,18.13,,,,,7.04,,,,,14600,,,,,四川省
广元市,旺苍县,2022,18.41,,,,,6.77,,,,,14300,,,,,四川省
广州市,黄埔区,2023,7.6,4.116666667,3.483333333,,42000,89.4,15.9,73.5,,305000,,,,,,广东省
广州市,黄埔区,2022,7.7,,,,,82.2,,,,,,,,,,广东省
广州市,黄埔区,2021,7.41,,,,,84.89,,,,,,,,,,广东省
广州市,黄埔区,2020,,,,,36000,,,,,,,,,,,广东省
贵阳市,南明区,2021,,3.87,,,,32.26,30.3376,1.9224,,,13474,8200,5274,,,贵州省
桂林市,龙胜各族自治县,2021,9.204,,,6180,,1.2131,,,10189,,4786,,,9074,,广西壮族自治区
桂林市,平乐县,2023,24.99,,,5477,,2.8,,,25156.72,,7800,,,17100,,广西壮族自治区
桂林市,平乐县,2022,21.46,,,3989,,2.61,,,21448.29,,7400,,,13100,,广西壮族自治区
果洛藏族自治州,班玛县,2020,1.8519,,,,,0.1789,,,,,1272,,,,,青海省
果洛藏族自治州,玛多县,2023,0.8173,,,,,0.1319,,,,,855,,,,,青海省
海南藏族自治州,贵德县,2020,4.4867,,,,,0.4805,0.3478,0.1327,,,4001,2409,1592,,,青海省
海西蒙古族藏族自治州,德令哈市,2022,2.9,,,,,3.509,,,,,11413,,,,,青海省
邯郸市,武安市,2023,36.2014,,,,,16.5799,,,,,31411,,,,,河北省
邯郸市,武安市,2021,36.7025,25.6458,11.0567,4898.85,18200,13.1411,11.5395,1.6016,95102,46534.68019,22451,14454,7997,79277,46668.15688,河北省
汉中市,南郑区,2020,34.06,,,,,2.98,,,,,18700,,,,,陕西省
杭州市,淳安县,2007,1.4918,,,,,1.7087,,,,,10653,,,,,浙江省
杭州市,淳安县,2006,1.2007,,,,,3.1206,,,,,10873,,,,,浙江省
杭州市,淳安县,2005,,,,,,2.7131,,,,,10929,,,,,浙江省
河池市,凤山县,2020,20.0313,,,,,,,,,,,,,,,广西壮族自治区
河池市,罗城仫佬族自治县,2020,17.18,,,,,,,,,21729,,,,,31131,广西壮族自治区
菏泽市,成武县,2023,,,11.94,,25100,,,1.322,,36900,,,8778,,78500,山东省
菏泽市,成武县,2022,,,11.42,,22600,,,1.2448,,34100,,,8245,,75600,山东省
菏泽市,成武县,2021,32.72,,,6931.88,20784.95,,,,31800,30600,27079,19526,7683,34947,39585,山东省
菏泽市,成武县,2020,32.329,,,6819.97,18342.5,4.7,,,26300,26500,19100,,,41050,40760,山东省
菏泽市,成武县,2019,32.0982,,,6294.1,16684.57,4.3,,,25700,24000,18750,,,40000,37400,山东省
菏泽市,成武县,2018,18.38,,,6122.59,,4.15,,,20500,,18500,,,29400,,山东省
菏泽市,成武县,2017,31.94,,,6078.45,13100,3.78,,,19500,18700,17600,,,30000,29600,山东省
菏泽市,定陶区,2022,,,,,,4.3341,,,28200,,15289,,,39200,,山东省
菏泽市,定陶区,2021,,,,,,4.15,,,28200,,15273,,,43600,,山东省
菏泽市,定陶区,2020,,,,,,3.77,,,16000,,14998,,,36600,,山东省
菏泽市,定陶区,2019,,,,,,3.4309,,,24500,,14706,,,38000,,山东省
菏泽市,定陶区,2018,,,,,,3.2326,,,35100,,15600,,,31848,,山东省
菏泽市,牡丹区,2023,42.1,22.1,16.3,39249,35593,11.6,3.4815,3.0498,181724,182819,,,,84901,84799,山东省
菏泽市,牡丹区,2022,41.51,21.1,15.6,35737,32094,11.9,5.65,2.835,150235,151716,,,,74780,76874,山东省
菏泽市,牡丹区,2021,39.7,20.35,14.9,39085,28058,11.6,8.9,2.27,137237,139283,,,,70079,72068,山东省
菏泽市,牡丹区,2020,38.72,23.98,14.74,32626,25765,13.28,11.09,2.18,123665,122919,37800,26900,10900,71358,66429,山东省
菏泽市,郓城县,2022,66.34,,,,,9.07,,,,,33500,,,,,山东省
菏泽市,郓城县,2021,65.27,,,,,8.74,,,,,33400,,,,,山东省
菏泽市,郓城县,2020,64.7,,,,,6.2,,,,,33000,,,,,山东省
衡阳市,常宁市,2021,53.5,43.7,9.8,,15300,9.3439,4.8765,4.4674,,95000,40388,31385,9003,,46000,湖南省
衡阳市,祁东县,2023,52.14,,,,,12.05,,,,,26400,,,,,湖南省
衡阳市,祁东县,2022,38.38,,,,,6.01,,,,,16500,,,,,湖南省
衡阳市,祁东县,2021,53.81,,,,,10.98,,,,,29000,,,,,湖南省
衡阳市,祁东县,2020,54.12,,,,,10.06,,,,,27000,,,,,湖南省
红河哈尼族彝族自治州,红河县,2021,17.3461,,,,,0.6714,,,,,9317,,,,,云南省
红河哈尼族彝族自治州,红河县,2020,17.2014,,,,,0.5627,,,,,7542,,,,,云南省
呼伦贝尔市,阿荣旗,2023,13.8062,,,3063.99,,5.279,,,30984.05,,11114,,,13426.48,,内蒙古自治区
呼伦贝尔市,阿荣旗,2022,13.6203,,,,,4.9812,,,,,10851,,,,,内蒙古自治区
呼伦贝尔市,阿荣旗,2021,13.5951,,,2581.75,,4.0031,,,21477,,10632,,,12022,,内蒙古自治区
呼伦贝尔市,阿荣旗,2020,13.0905,,,2236.7,,1.8599,,,16251,,10424,,,12338,,内蒙古自治区
呼伦贝尔市,海拉尔区,2023,1.9746,,,,,9.614,,,,,12234,,,,,内蒙古自治区
呼伦贝尔市,海拉尔区,2022,1.659,,,,,9.233,,,,,11926,,,,,内蒙古自治区
呼伦贝尔市,海拉尔区,2021,2.2658,,,,,8.1216,,,,,11784,,,,,内蒙古自治区
呼伦贝尔市,海拉尔区,2020,2.2545,,,,,4.4054,,,,,6507,,,,,内蒙古自治区
呼伦贝尔市,满洲里市,2021,0.35,,,,,6.3,,,,,12000,,,,,内蒙古自治区
呼伦贝尔市,牙克石市,2023,2.2445,1.7301,0.5144,2461.46,1243,14.4035,6.1791,8.2244,58125,292066,15972,8413,7559,19051.71,52814.11,内蒙古自治区
呼伦贝尔市,牙克石市,2022,2.1988,1.6942,0.5046,1458.52,1099.16,13.7407,5.6365,8.1042,53656,271820,15761,8624,7137,20046.06,47225.56,内蒙古自治区
呼伦贝尔市,牙克石市,2021,2.1982,1.7004,0.4978,2133.8,1039.6,13.6494,5.9721,7.6773,47526.5,249291,15907,9083,6824,12273,42984,内蒙古自治区
呼伦贝尔市,牙克石市,2020,1.9346,1.3974,0.5372,1949.7,680.61,13.4383,5.9383,7.41,26935,191788,15752,9225,6527,32869.5,32860.82,内蒙古自治区
葫芦岛市,建昌县,2023,,11.04,11.76,,18998,5.17,3.22,1.95,,64801,,,,,,辽宁省
葫芦岛市,建昌县,2022,,12.48,10.66,2917.77,16300,5.03,3.19,1.84,,59624,,,,19510,36717,辽宁省
葫芦岛市,建昌县,2021,,,,,,,,,,,,,,,,辽宁省
葫芦岛市,建昌县,2020,,,,,,,,,,,,,,,,辽宁省
湖州市,吴兴区,2023,9.05,2.88,6.17,,40366.3,,,,,,,,,,38854.26,浙江省
湖州市,吴兴区,2022,9.3,3.2,6.1,,35509.9,,,,,,,,,,34319.6,浙江省
湖州市,吴兴区,2021,9.57,3.61,5.96,,29733.47,,,,,,,,,,31934.37,浙江省
湖州市,吴兴区,2020,9.84,3.65,6.19,,23311.18,,,,,,,,,,30286.75,浙江省
怀化市,辰溪县,2021,33.22,,,,,3.7,,,,,,,,,,湖南省
怀化市,辰溪县,2020,27.7,,,,,2.5,,,,,,,,,,湖南省
怀化市,洪江市,2021,25.9163,18.2446,7.6717,,10786,2.2663,0.9086,1.3577,,41541,9405,3904,5501,,29636,湖南省
怀化市,洪江市,2020,26.1884,,,,,3.5095,,,12466,,,,,12800,,湖南省
怀化市,新晃侗族自治县,2023,14.6411,,,2071,,1.961,,,9183,,10287,,,12804,,湖南省
怀化市,新晃侗族自治县,2022,14.4117,,,2080,,1.8512,,,8151,,10252,,,9885,,湖南省
怀化市,新晃侗族自治县,2021,14.617,,,1796.07,,2.3282,1.5908,0.7374,,,10127,,,8842.45,,湖南省
怀化市,新晃侗族自治县,2020,16.58,,,1121,,0.9607,,,21868,,6972,,,11790,,湖南省
怀化市,溆浦县,2023,54.2,,,8863,,4.44,,,25065,,16600,,,30000,,湖南省
怀化市,溆浦县,2021,31.68,,,4756,,3.05,,,8885,,16000,,,25200,,湖南省
怀化市,溆浦县,2020,54.5,,,4756,,3.05,,,8885,,16000,,,25200,,湖南省
怀化市,中方县,2020,,,,971,,,,,4653,,,,,12278,,湖南省
淮安市,金湖县,2020,7.15,,,,,7.22,,,,,7400,,,,,江苏省
淮安市,盱眙县,2022,28.72,,,,,6.13,,,,,12800,,,,,江苏省
淮安市,盱眙县,2020,16.76,,,,,9.64,,,,,12500,,,,,江苏省
淮北市,杜集区,2022,3.0777,0.0651,3.0126,1480.36,5211.3,4.27,4.2303,0.0397,1200,,5376,4757,619,12000,,安徽省
淮北市,杜集区,2021,3.08,0.09,2.99,1319.87,3504.51,3.2869,3.2569,0.03,,500,5352,3352,2000,,11000,安徽省
淮北市,杜集区,2020,6.14,3.16,2.98,,3653.25,5.58,,,,,5288,,,,,安徽省
黄冈市,红安县,2022,36.8033,26.0927,10.7106,5244.32,19065.38,6.3075,4.1343,2.1732,34505,60375,13400,4873,8527,24304.4,57093,湖北省
黄冈市,红安县,2021,36.5784,25.984,10.5944,5425.14,17039.58,6.0822,4.0171,2.0651,54835,54835,13200,4062,9138,26713.6,48682.8,湖北省
黄冈市,红安县,2020,16.6,6.5754,10.0246,4842.3,14178.42,5.8638,3.8714,1.9924,25336,49842,13400,5360,8040,27350,45890,湖北省
黄冈市,红安县,2019,35.64,25.72,9.92,3856,13642.69,3.7779,1.8826,1.8953,24199.11,48460.99,13880,5563,8317,25146,44232,湖北省
黄冈市,红安县,2016,29.0475,19.0503,9.7463,,,5.6911,,,,,11253,,,,,湖北省
黄冈市,罗田县,2013,27.21,,,,,3.27,,,,,8400,,,,,湖北省
黄冈市,罗田县,2012,26.71,,,,,3.16,,,,,6300,,,,,湖北省
黄冈市,武穴市,2015,33.99,,,,,7.43,,,,,9200,,,,,湖北省
黄冈市,英山县,2008,,,,,,2.6983,,,3376,,4435,,,1568,,湖北省
黄冈市,英山县,2007,,,,,,0.4601,,,3010,,,,,2264,,湖北省
黄冈市,英山县,2006,,,,,,,,0.336,,2109,,,658,,840,湖北省
黄冈市,英山县,2005,,,,,,0.314,,,,1722,,,430,,570,湖北省
黄山市,祁门县,2020,6.7413,3.8599,2.8814,2000.3,4088.5,1.5492,0.6907,0.8585,8955,25589.5,7109,4399,2710,9017,14306,安徽省
黄山市,黟县,2022,,2.57,1.78,,3210.64,1.64,,,,,,,,,,安徽省
黄山市,黟县,2021,,,1.68,,2738.32,1.64,1.12,0.52,,,4666,2844,1822,,,安徽省
黄山市,黟县,2020,,2.9,,,2507.6,1.5341,1.0431,0.491,,12987,,,1798,,9126,安徽省
吉安市,吉安县,2023,25.7381,,,,,17.7581,,,49839,,14410,,,16404,,江西省
吉安市,吉安县,2022,25.9391,,,7501,13479,15.4222,13.6396,1.7826,57156,47967,13864,9541,4323,16763,26248,江西省
吉安市,吉安县,2021,23.7456,17.5296,6.216,7718,11563,12.8918,11.1857,1.7061,46130,44657,13721,9460,4261,19308,24344,江西省
吉安市,吉安县,2020,,,,,,12.2214,10.4437,1.7777,41507,43113,12642,8628,4014,17020,21422,江西省
吉安市,峡江县,2023,7.8295,4.8213,2.4578,1428.7,5234.89,3.4818,2.4276,1.004,15376.6,25366,7318,4958,2334,9844.48,12703,江西省
吉安市,峡江县,2022,7.8201,4.7041,2.3255,3861.14,4848.58,3.3319,2.3513,0.9806,15764,24537,7127,4859,2268,7799.5,13076,江西省
吉安市,峡江县,2020,7.9067,,,,,2.7193,,,,,6633,,,,,江西省
吉林市,舒兰市,2022,27.7497,18.2649,9.4848,,,9.9443,4.8855,5.0588,,146300,,,,,46000,吉林省
吉林市,舒兰市,2021,27.7419,18.6213,9.1206,,13079,9.6612,4.6522,5.009,,128529,,,,,44881,吉林省
济南市,平阴县,2023,22.08,,,4941.6,20513.86,6.79,5.0058,1.7842,73306,67700,16000,,,22270,42312,山东省
济南市,平阴县,2022,22.2,,,4378,18237,7.43,5.7783,1.6517,68074,64987,15500,,,20978,39261,山东省
济南市,平阴县,2021,22.15,,,3754,16473,7.14,5.584,1.556,64399,59572,15000,,,19070,36804,山东省
济南市,平阴县,2020,24.08,,,4239,13395,6.51,5.0494,1.4606,32566,52088,15000,,,18854,34309,山东省
济南市,商河县,2023,30.56,,,,,5.83,,,,,18200,,,,,山东省
济南市,章丘区,2022,,,,,,21.9,18.467,3.433,,11700,,,,,79000,山东省
济宁市,​曲阜市,2012,,,,,,10.29,,,,,,,,,,山东省
济宁市,任城区,2023,31.6619,,,,,20.0149,,,,,19300,,,,,山东省
济宁市,任城区,2022,32.8,,,,,19.5797,,,,,19299,,,,,山东省
济宁市,任城区,2021,34.3607,,,,,18.2434,,,,,19299,,,,,山东省
济宁市,任城区,2020,34.3609,,,,,11.6701,,,,,19110,,,,,山东省
济宁市,泗水县,2023,,,,,,,,,,,,,,,,山东省
济宁市,泗水县,2022,,,,,,,,,,,,,,,,山东省
济宁市,泗水县,2021,,,,,,,,,,,,,,,,山东省
济宁市,微山县,2022,39.43,26.64,12.79,,26600,5.1512,3.6799,1.4713,,53500,,,6570,,43800,山东省
济宁市,汶上县,2023,48.6896,,,18336,36680,6.606,,,66338,61827,14853,,,30688,58791,山东省
济宁市,汶上县,2022,49.5,,,16327,33053.4,6.3821,,,63942,59189.7,14919,,,26770,52788.9,山东省
济宁市,汶上县,2020,49.9032,,,19747,25191,4.3601,,,36033,47178,14625,,,25202,45971,山东省
济宁市,汶上县,2018,49.8069,,,30042.73,22156.18,4.1129,,,39077,36537,13902,,,22266,39005,山东省
济宁市,汶上县,2017,49.7679,,,27939.91,18858.74,4.0351,,,32638,32217,14000,,,18900,32377,山东省
济宁市,兖州区,2022,25.3,,,,,12.8,9.5,3.3,,127000,15000,,,,,山东省
济宁市,兖州区,2021,25.9,,,,,12.4,9.3,3.1,,165000,15000,,,,,山东省
济宁市,兖州区,2020,25.9,,,,,10.2,7.2,3,,106000,15000,,,,,山东省
济宁市,邹城市,2022,57.46,,,,40900,15.7,,,,99000,34000,,,,76200,山东省
佳木斯市,桦川县,2023,,1.3307,,,,1.7016,0.7562,0.9454,,29878.28,,,4067,,,黑龙江省
晋城市,陵川县,2017,13.3902,,,1538.9,,1.3688,,,7124,,8472,5666,2806,9355,13039,山西省
晋城市,陵川县,2016,13.3902,,,1553.4,,1.2206,,,4798,,8420,5762,2658,13868,12306,山西省
晋城市,陵川县,2015,13.3902,,,1200,,1.9864,,,16715,,7976,5475,2501,12066,12940,山西省
晋城市,陵川县,2014,13.5273,,,1227.3,,1.131,0.7605,0.3705,4286,,8008,5697,2311,7400,7969,山西省
晋城市,陵川县,2013,14.1169,,,1433,,1.0912,,,5315,,8134,5925,2209,9212,9182,山西省
晋城市,陵川县,2012,12.656,,,1317.81,,1.0427,0.7215,0.3212,4805,,7902,5812,2090,8060,7578,山西省
晋城市,陵川县,2011,10.314,,,902,,0.9856,,,4192,,7942,5960,1982,6682,6166.7,山西省
晋城市,沁水县,2023,12.1383,,,1363,,3.5212,,,32870,,11239,,,13206,,山西省
晋城市,沁水县,2022,12.1233,,,2230,,2.86,,,24959,,6772,,,10983,,山西省
晋城市,阳城县,2022,20.856,,,,,5.8169,,,,,16115,,,,,山西省
荆州市,公安县,2016,,,,,,13.19,,,,,,,,,,湖北省
景德镇市,浮梁县,2023,13.76,9.74,4.02,,,6.1025,4.767,1.3355,,,8161,5716,2445,,,江西省
九江市,德安县,2022,7.5793,,,,,,,,,,7100,,,,,江西省
九江市,德安县,2021,7.6338,,,,,,,,,,6900,,,,,江西省
九江市,德安县,2020,7.6422,,,,,,,,,,6900,,,,,江西省
九江市,共青城市,2021,4,,,,,,2.89,,,,,3048,,,,江西省
九江市,湖口县,2023,12.41,,,,,7.62,,,,,9100,,,,,江西省
九江市,湖口县,2022,12.36,,,,,6.66,,,,,8900,,,,,江西省
九江市,湖口县,2021,13.4136,,,,,5.8552,,,,,8870,,,,,江西省
九江市,湖口县,2020,13.6531,,,,,4.6034,,,,,5759,,,,,江西省
九江市,彭泽县,2022,15.81,,,,,6.07,,,,,10500,,,,,江西省
九江市,彭泽县,2021,19.7552,,,,,5.7143,4.0194,1.6949,,,10609,6670,3939,,,江西省
九江市,彭泽县,2020,19.8938,,,,,4.7881,3.199,1.5891,,,9800,6090,3710,,,江西省
九江市,武宁县,2022,,,,3462.11,11486.46,,,,20341.43,35198.94,,,,10514.66,25406.36,江西省
九江市,武宁县,2021,,,,4104.22,9153.99,,,,17317.26,30057.55,,,,9872.45,21975.59,江西省
九江市,武宁县,2020,,,,,7655.83,,,,13388.97,,,,,10568.89,,江西省
酒泉市,敦煌市,2023,6.9651,,,,,1.9538,,,,,7524,,,,,甘肃省
酒泉市,敦煌市,2022,7.1875,,,,,1.9242,,,,,7439,,,,,甘肃省
喀什地区,莎车县,2023,38.5667,,,,,,1.2011,,,,42254,40833,1421,,,新疆维吾尔自治区
喀什地区,莎车县,2022,38.3092,,,,,,0.8779,,,,44168,39538,4630,,,新疆维吾尔自治区
喀什地区,莎车县,2020,38.2107,,,,,,0.7435,,,,,11251,,,,新疆维吾尔自治区
开封市,兰考县,2023,51.35,,,4539,19900,13.34,,,57700,54100,19000,,,29000,37500,河南省
开封市,兰考县,2022,52,,,4491.36,16955.83,12.46,,,45000,51000,18300,,,18600,32800,河南省
开封市,兰考县,2021,52.25,,,4600,16700,10.38,,,36500,46200,18000,,,21600,32000,河南省
开封市,兰考县,2020,52.5,,,4470,16800,9.24,,,24700,42400,17800,,,30600,30200,河南省
克拉玛依市,独山子区,2020,,,,,,4.084,,,,,3532,,,,,新疆维吾尔自治区
昆明市,石林彝族自治县,2022,13.8014,,,,,,,,,,,,,,,云南省
来宾市,金秀瑶族自治县,2023,7.7166,,,,,,,,9500,,,,,,,广西壮族自治区
来宾市,金秀瑶族自治县,2022,7.3634,,,,,,,,8500,,,,,,,广西壮族自治区
来宾市,金秀瑶族自治县,2021,7.7,,,,,,,,7800,,,,,,,广西壮族自治区
来宾市,金秀瑶族自治县,2020,7.11,,,,,,,,4800,,,,,,,广西壮族自治区
来宾市,象州县,2021,17.0625,,,2265.62,7913.65,2.5853,1.7279,0.8574,17298,29257,10890,6875,4015,14050.51,25310.4,广西壮族自治区
来宾市,象州县,2020,16.778,,,1923.25,7330.32,2.4414,1.5862,0.8552,11006.74,26952.05,10631,6679,3952,12811.54,22129.64,广西壮族自治区
来宾市,忻城县,2022,20.24,,,3100,,,,,,,,,,,,广西壮族自治区
来宾市,忻城县,2021,21.1571,,,2324.61,,,,,,,,,,,,广西壮族自治区
来宾市,忻城县,2020,19.9565,,,2292.74,,,,,,,,,,,,广西壮族自治区
兰州市,皋兰县,2023,,,,3157,4919.52,,,,9964.15,16357.9,,,,9187.76,12558.11,甘肃省
乐山市,马边彝族自治县,2023,7.6485,,,,,,2.3095,,,,,5018,,,,四川省
乐山市,马边彝族自治县,2022,7.6245,,,,,,2.1924,,,,,4866,,,,四川省
乐山市,马边彝族自治县,2020,7.4999,,,,,,1.7902,,,,,4531,,,,四川省
丽江市,永胜县,2021,23.6341,,,2414,,2.6341,,,11003,,,,,18339,,云南省
丽江市,永胜县,2020,23.6341,,,2520,,2.5598,,,8807,,,,,17494,,云南省
丽水市,缙云县,2021,16.5286,,,,,14.6066,,,,,15947,,,,,浙江省
丽水市,缙云县,2020,16.7655,,,,,13.7191,,,,,15730,,,,,浙江省
凉山彝族自治州,会东县,2023,38.5667,,,,,,1.2011,,,,,40833,,,,四川省
凉山彝族自治州,雷波县,2022,11.6505,9.6505,2,,3600,2.2897,1.7247,0.565,,15840,8505,6125,2380,,16800,四川省
凉山彝族自治州,雷波县,2021,11.66,9.62,2.04,,3246,1.7532,1.2014,0.5518,,13999.32,8470,6145,2325,,16177.8,四川省
凉山彝族自治州,宁南县,2023,9.16,,,,,1.95,,,,,7100,4900,2200,,,四川省
凉山彝族自治州,越西县,2023,14.3291,11.68368333,2.645416667,,4795.5,0.9267,0.3301,0.5966,8975,17578,10027,,,13574,14421,四川省
凉山彝族自治州,越西县,2022,14.1,,,,3801.5,0.8936,,,,,6951,,,,,四川省
凉山彝族自治州,越西县,2021,14.1,,,,3523.4,0.8385,,,,,6236,,,,,四川省
凉山彝族自治州,越西县,2020,13.8813,11.179275,2.702025,,3366.17,0.7266,,,12704.72,,9301,6758,2543,,15304,四川省
聊城市,临清市,2020,34.5438,22.9971,11.5467,6982.84,27522.93,8.0166,4.4386,3.578,46821,118986.3,13770,7038,6732,27718,37373,山东省
临沧市,双江拉祜族佤族布朗族傣族自治县,2023,10.7942,,,,,0.5221,,,,,6347,4563,1784,,,云南省
临汾市,安泽县,2021,3.9378,,,774.59,,1.2863,,,11047,,5783,,,5944,,山西省
临汾市,大宁县,2023,3.198,,,,1548,0.3968,,,,7357.57,3051,,,,13071,山西省
临汾市,大宁县,2022,3.1867,,,,1083.75,0.3847,,,,6941.95,2986,,,,11652,山西省
临汾市,大宁县,2021,3.1917,,,,1187,0.5345,,,,6571,4884,,,,9800,山西省
临汾市,汾西县,2020,8.9647,,,1025.05,,0.8569,,,3356,,6345,,,6918.3,,山西省
临汾市,吉县,2023,6.0963,,,1818,2590,0.7719,,,7997,,6717,,,7278,,山西省
临汾市,吉县,2022,6.0401,4.6579,1.3822,783,2390,0.6814,0.5037,0.1777,6413,7188,6573,4134,2439,6475,14610,山西省
临汾市,吉县,2021,6.1155,,,2065,2209,0.7451,,,2479,,6548,,,6646,,山西省
临汾市,吉县,2020,6.1517,,,560.5,1904.37,0.5823,,,2065,,4111,,,6832.3,,山西省
临汾市,蒲县,2023,5.5481,,,,1942,2.5107,,,,12342.93,4523,,,,16553.17,山西省
临汾市,蒲县,2020,5.5792,4.4727,1.1065,689.9,2123.7,1.628,1.3813,0.2467,,10147,4573,,,7248,13210,山西省
临汾市,曲沃县,2021,,,3.3262,,5956,,,0.848,,26902,,,3832,,21157,山西省
临汾市,曲沃县,2020,,,3.1455,,5502.61,,,0.8271,,24778,,,3697,,19581,山西省
临汾市,乡宁县,2021,12.3914,,,,,2.5125,,,3089,,7246,,,11206,,山西省
临汾市,乡宁县,2020,12.4217,,,1712.56,,2.3382,,,1848,,7446,,,10958,,山西省
临沂市,河东区,2023,,,,,18900,9.1,7.7,1.4,71400,33800,12500,9600,2900,26800,24300,山东省
临沂市,河东区,2022,,,,36500,27900,6.57,5.18,1.39,64300,31500,17100,13300,3800,26400,27300,山东省
临沂市,河东区,2021,44,,,37300,25600,5.99,4.7,1.29,59800,29400,15800,12100,3700,24600,25500,山东省
临沂市,河东区,2020,44,,,8500,1000,7.87,6.58,1.29,50500,28200,14600,11000,3600,22600,23600,山东省
临沂市,兰陵县,2023,61.41,,,,,7.8,,,,,21000,,,,,山东省
临沂市,罗庄区,2021,25.3,,,5083.4,,6.7,,,63000,,11000,,,18000,,山东省
临沂市,罗庄区,2020,28.31,,,4675,,6.06,,,31400,,9900,,,17500,,山东省
临沂市,蒙阴县,2023,,,,,,5.3,,,,68000,11400,,,,43000,山东省
临沂市,蒙阴县,2022,,,,,,5.89,,,,62500,11600,,,,38800,山东省
临沂市,蒙阴县,2021,,,,,,5.67,,,,,12000,,,,36000,山东省
临沂市,蒙阴县,2020,,,,,,5.4,,,,53000,11800,,,,34000,山东省
临沂市,平邑县,2022,51.82,,,,,,,2.37,,,,,,,,山东省
临沂市,平邑县,2021,51.53,31.58,19.95,,35910,,,2.28,,62709.12,,,8500,,56089.8,山东省
临沂市,平邑县,2020,51.6,32.8277,18.7723,,31987.9992,,,2.1362,,55575.3792,,,8277,,52373.5452,山东省
临沂市,郯城县,2023,,,,,,7.4729,,,,,18825,,,,,山东省
临沂市,郯城县,2022,,,,,,6.218,,,125587,124935,19091,,,52908,52209,山东省
临沂市,沂南县,2023,50.55,,,,,11.58,,,,,24400,,,,,山东省
临沂市,沂南县,2022,50.53,,,,,10.21,,,,,24000,,,,,山东省
临沂市,沂南县,2021,49.51,,,,,9.34,,,,,23500,,,,,山东省
临沂市,沂南县,2020,55.73,,,,,6.01,,,,,15700,,,,,山东省
临沂市,沂南县,2016,46.14,,,,,4.8,2.9,1.9,,,16000,,,,,山东省
临沂市,沂南县,2015,48.32,,,,,4.4,,,,,16000,,,,,山东省
临沂市,沂南县,2014,49.1,,,,,4.53,,,,,15000,,,,,山东省
临沂市,沂南县,2011,36.12,,,,,4.06,,,,,15700,,,,,山东省
临沂市,沂南县,2010,,,,,,4.06,,,,,16000,,,,,山东省
临沂市,沂南县,2009,,,,,,3.3,,,,,15800,,,,,山东省
临沂市,沂南县,2008,,,,,,3.2489,2.5795,0.6694,,7868,15800,11296,4504,8029,8452,山东省
临沂市,沂南县,2007,,,,,,2.7119,2.0819,0.63,,7852,15926,11611,4315,6853,8411,山东省
临沂市,沂南县,2006,,,,,,,,1.01,,,16200,12025,4175,5000,6200,山东省
临沂市,沂南县,2005,,,,,,2.5103,2.0076,0.5027,,3900,15720,11715,4005,,5500,山东省
六安市,霍邱县,2023,48.3,23.22,25.08,33000,52000,4.2954,,,51290,,29991,18976,11015,35670,64000,安徽省
六安市,霍邱县,2022,50.69,27.05,23.64,24000,43900,4.0632,1.8541,2.2091,51900,67800,29713,18917,10796,37300,58500,安徽省
六安市,霍邱县,2021,53.48,,,,,5.69,3.8128,1.8772,,58300,,,10588,,56500,安徽省
六安市,霍邱县,2020,54.05,,,,,5.41,3.4307,1.9793,,,,,10481,,,安徽省
六安市,霍邱县,2019,54.63,,,16600,,4.67,,,,,28199,19658,8541,25010,,安徽省
六安市,霍邱县,2011,,,,,,,,,,,,,,,,安徽省
六安市,霍邱县,2010,,,,,,,,,,,7100,,,,,安徽省
六安市,霍邱县,2009,,,,,,,,0.8306,,,7100,,,,,安徽省
六安市,霍邱县,2008,,,,,,,,0.585,,,7100,,,,,安徽省
六盘水市,水城区,2023,39.059,,,,,3.4841,,,,,18491,,,,,贵州省
龙岩市,上杭县,2022,,,,,,8.68,7.721,0.959,42384,28861,10206,4003,6203,17952,36407,福建省
龙岩市,上杭县,2021,,,,,,5.9,5.0258,0.8742,,18531.1,10390,4357,6033,13052,25569,福建省
龙岩市,上杭县,2020,,,,,,5.57,4.7402,0.8298,19674.6,21341,10365,4303,6062,32626,32292,福建省
龙岩市,新罗区,2021,19.59,,,,,19.76,,,,,,9266,,,,福建省
龙岩市,新罗区,2020,18.53,12.29,6.24,,7525.01,11.69,,,24695.14,,8675,,,24901,,福建省
龙岩市,永定区,2023,,,,,,5.6829,,,27106,32369,9366,,,19936,41317,福建省
龙岩市,永定区,2022,,,,,,4.9074,,,24093,29538,9531,,,17606,35526,福建省
龙岩市,永定区,2021,,,,,,5.0444,,,22164,29878,9725,,,17331,32625,福建省
龙岩市,永定区,2020,,,,,,4.047,,,14403,,9803,,,17244,30576,福建省
陇南市,成县,2019,15.3323,,,,,0.8323,,,,,12748,,,,,甘肃省
陇南市,康县,2023,12.9746,,,,,0.3579,,,,,5398,,,,,甘肃省
陇南市,康县,2022,13.005,,,,,0.3579,,,,,,,,,,甘肃省
陇南市,康县,2021,13.0127,,,,,0.3576,,,,,6676,,,,,甘肃省
陇南市,康县,2020,13.0632,,,,,0.3576,,,,,6861,,,,,甘肃省
泸州市,泸县,2023,50.9,,,,,16.4,,,,,21000,,,,,四川省
泸州市,纳溪区,2022,15,,,,9506,9.15,,,,91847,10600,,,11686,,四川省
泸州市,纳溪区,2021,15.02,,,,8994,9.44,,,,84786,10500,,,11061,,四川省
洛阳市,西工区,2023,,,,,2103.45,,9.0552,,,21100,,13444,,,17000,河南省
洛阳市,西工区,2022,2.6093,1.4383,1.171,,1695,8.7571,8.2248,0.5323,,16314,3409,555,2854,,15930,河南省
洛阳市,西工区,2021,2.6107,1.5109,1.0998,,1609,6.016,5.5307,0.4853,,15130,2747,519,2228,,11836,河南省
洛阳市,伊川县,2022,46.9719,,,4893,17000,,,,,,,,,,,河南省
洛阳市,伊川县,2021,46.1479,,,4742.2,16000,,,,,,,,,,,河南省
洛阳市,伊川县,2020,45.52,,,,14000,3.694,,,,,,,,,,河南省
漯河市,源汇区,2023,9.863,,,,,1.5258,1.0757,0.4501,,,8116,5821,2295,,,河南省
漯河市,源汇区,2022,9.949,,,,,2.2166,1.7526,0.464,,,8029,5836,2193,,,河南省
漯河市,源汇区,2020,10.1106,,,,,0.9597,0.5197,0.44,,,7740,5673,2067,,,河南省
马鞍山市,含山县,2020,,,,,,,,,,,,,,,,安徽省
眉山市,洪雅县,2023,15.9,,,,,8.23,,,,,10400,,,,,四川省
眉山市,洪雅县,2021,16.4,,,,,7.4,,,,,9800,,,,,四川省
眉山市,洪雅县,2020,16.5,,,,,4.65,,,,,6300,,,,,四川省
牡丹江市,东宁市,2022,2.0073,,,3424,,3.4059,,,26500,,5525,,,9978,,黑龙江省
牡丹江市,东宁市,2021,3.1979,,,,,,,,,,,,,,,黑龙江省
南昌市,红谷滩区,2022,5.1509,,,,,,,,,,,,,,,江西省
南昌市,红谷滩区,2021,1.2597,,,,,4.7827,,,20479,,,,,,,江西省
南充市,南部县,2023,37.9,19,18.9,28000,37000,7.1,0.7,6.4,,,16000,7000,9000,,62000,四川省
南充市,南部县,2022,37.4,18.5,18.9,17000,31000,7.1,1.1,6,,,16000,7000,9000,,57000,四川省
南充市,南部县,2021,37.8,19.2,18.6,16000,30000,8,2.2,5.8,,,15000,6000,9000,,64000,四川省
南充市,南部县,2020,,18.3,21.6,16000,29000,8,2.3,5.7,,,15000,6000,9000,,47000,四川省
南充市,蓬安县,2022,30.48,10.87,19.61,9976.46,,,,,,,10308,,,29200,,四川省
南充市,蓬安县,2021,29.66,8.93,20.73,9989.6,,,,,,,,,,9600,,四川省
南京市,浦口区,2022,6.1464,2.6574,3.489,,24170.4,,,3.4146,,7855,12900,,,,,江苏省
南京市,浦口区,2021,2.8807,,,,,,,2.8376,,2026,13089,,,,,江苏省
南京市,秦淮区,2021,0.303,,,,,,,,,,,,,,,江苏省
南平市,建瓯市,2020,29.157,,,,,3.795,,,,,9174,,,,,福建省
南平市,顺昌县,2022,10.18,,,,,3.07,,,,,5200,,,,,福建省
南平市,武夷山市,2023,10.38,6.987,3.393,,6718.47,2.8795,,,,,11156,6409,4747,,,福建省
南平市,武夷山市,2022,10.6474,7.4513,3.1961,,5662.6,4.73,3.7298,1.0002,,,10976,,,,,福建省
南平市,武夷山市,2021,10.66,,,,,3.3768,2.4305,0.9463,19504,28556,6558,,,,,福建省
南平市,武夷山市,2020,10.63,,,,,3.2065,2.2998,0.9067,11993,25744,5198,,,,,福建省
南通市,海门区,2023,18.57,,,,,17.84,,,,,29400,,,,,江苏省
南通市,海门区,2022,18.86,,,,,18.21,,,,,29400,,,,,江苏省
南通市,海门区,2021,19.51,,,,,18.04,,,,,29500,,,,,江苏省
南通市,海门区,2020,20.4,,,,,16.35,,,,,29300,,,,,江苏省
南阳市,内乡县,2022,38.06,,,,,7.15,6.07,1.09,,,21200,14400,6800,,,河南省
南阳市,内乡县,2021,37.42,,,,,5.05,4.1,0.95,,,20700,13600,6500,,,河南省
南阳市,内乡县,2020,37.42,,,,,5.05,4.1,0.95,,,20100,13600,6500,,,河南省
南阳市,内乡县,2019,61.9,,,,,4.8505,3.9526,0.8979,,,19700,13400,6300,,,河南省
南阳市,唐河县,2023,71.33,,,,,4.85,,,,,36200,,,,,河南省
南阳市,唐河县,2020,70.6894,,,,,,,,,,22397,,,,,河南省
南阳市,桐柏县,2023,,,,,,,,,,35460,19611,12742,6869,30886,30182,河南省
南阳市,桐柏县,2022,23.8102,,,,,,,,,32092,18902,12265,6637,29079,29890,河南省
南阳市,桐柏县,2021,23.4382,,,,,3.1885,2.1602,1.0283,29550,30316,18796,12333,6463,,28169,河南省
南阳市,桐柏县,2020,23.0527,,,,,2.9961,1.9761,1.02,13047,28368,18472,12176,6296,,26016,河南省
内江市,东兴区,2019,,12.36,,,,,8.06,,,,16000,10200,5800,,,四川省
宁德市,福安市,2022,35.14,,,,,16.9024,,,,,18100,,,,,福建省
宁德市,福安市,2014,,16.2283,7.2786,,7647,6.8569,5.5696,1.2873,20590,26444,6265,,,7515,4391,福建省
宁德市,福安市,2012,,,,,,5.1693,,,,,,5810,,,,福建省
宁德市,福安市,2008,,,,,,,,0.871,,8590,,,910,,1458,福建省
宁德市,福安市,2006,,,,,,,,0.7465,,5743,,,868,,1082,福建省
宁德市,福安市,2005,,,,,,,,0.7249,,4382,,,821,,960,福建省
宁德市,福安市,2004,,,,,,,,0.6662,,3770,,,782,,853,福建省
宁德市,古田县,2023,17.7654,,,,,,3.5527,,,,13522,,,,,福建省
宁德市,屏南县,2021,8.799,,,,,0.7906,,,,,4894,,,,,福建省
宁德市,寿宁县,2022,10.1847,,,,,2.9815,,,,,8891,,,,,福建省
平顶山市,叶县,2023,56.19,22.65,33.54,5124.75,25000,3.3997,2.6614,0.7383,,,17214,8280,8934,,,河南省
平顶山市,叶县,2022,50.68,,,,,3.0642,2.3437,0.7205,,,17099,8507,8592,,,河南省
平顶山市,叶县,2021,,,,,,3.5197,2.1556,0.972,,,17216,8821,8395,,,河南省
平顶山市,叶县,2020,,,,,,3.1092,,,,,17160,,,,,河南省
平顶山市,叶县,2019,48.1,35.19916667,12.90083333,,17800,2.4987,,,,,17632,,,,,河南省
平顶山市,叶县,2018,47.58,34.35333333,13.22666667,,17000,2.4987,,,,,904,,,,,河南省
平凉市,灵台县,2022,14.07,,,,,0.03162,,,,,7586,,,,,甘肃省
萍乡市,安源区,2020,5.2172,3.149,0.8588,,,7.906,5.2015,2.751,,,7796,5420,2376,,,江西省
萍乡市,芦溪县,2020,14.1885,,,,,4.3612,,,,,9082,,,,,江西省
萍乡市,湘东区,2023,14.2846,9.346,4.9386,,,8.6339,5.7154,2.9185,,,10214,6687,3527,,,江西省
萍乡市,湘东区,2022,,,,,,,,,,,,,,,,江西省
萍乡市,湘东区,2021,14.3796,9.8342,4.5454,,,7.4646,4.843,2.6216,,,9970,6664,3306,,,江西省
普洱市,景谷傣族彝族自治县,2020,17.52,,,,,0.96,,,,,6256,,,,,云南省
黔东南苗族侗族自治州,岑巩县,2020,8.4987,,,,,,,,4661,6738,,,,7919,9317,贵州省
黔东南苗族侗族自治州,丹寨县,2022,,,,,,0.9613,,,,,5952,,,,,贵州省
黔东南苗族侗族自治州,麻江县,2022,,,,,,,,,,,,,,,,贵州省
黔东南苗族侗族自治州,麻江县,2021,9.71,,,,,1.5844,1.2605,0.3239,,16402,6755,5431,1324,,7975,贵州省
黔东南苗族侗族自治州,麻江县,2020,9.69,,,,,0.7394,0.5496,0.1898,3761.04,5198.38,5322,4031,1291,5940.08,7305.77,贵州省
黔东南苗族侗族自治州,台江县,2023,9.2765,,,,3233.38,,,,5548.82,,,,,10672.72,,贵州省
黔东南苗族侗族自治州,台江县,2022,9.3388,,,,2890.81,,,,,4649,,,,,9063,贵州省
黔东南苗族侗族自治州,台江县,2021,9.3149,,,656.435,,,,,5827.897,,,,,7278.745,,贵州省
秦皇岛市,青龙满族自治县,2020,32.3324,,,,,3.3572,,,,,15652,,,,,河北省
青岛市,平度市,2022,,,27.01,,98208.36,16.99,9.17,7.82,184100,194530.32,,,,,,山东省
青岛市,平度市,2021,,,26.4,,89337.6,16.1,8.5,7.6,157000,179481.6,,,,,,山东省
青岛市,平度市,2020,23.0934,14.1264,8.967,,,,,2.2589,,,,,,,,山东省
清远市,佛冈县,2017,11.25,,,,,,,,,,,,,,,广东省
清远市,连州市,2019,,,,,,,,,,,,,,,,广东省
庆阳市,合水县,2022,10.5908,8.1309,2.4599,,4038.83,0.5061,0.267,0.2391,,,,,2087,,,甘肃省
庆阳市,合水县,2020,10.5966,8.3551,2.2415,,3448.49,0.5138,0.2985,0.2153,2417.5,,,,1969,,,甘肃省
庆阳市,环县,2022,19.3881,,,,,0.9265,0.6754,0.2511,7080,8760,10054,7417,2637,12969.41,18836,甘肃省
庆阳市,环县,2021,19.6647,,,,,0.9114,0.6659,0.2455,6390,8142,9778,7242,2536,12453,17085,甘肃省
庆阳市,环县,2020,21.6907,,,,,0.8069,0.5659,0.241,3362,7573,9366,6904,2462,11354,15758,甘肃省
庆阳市,宁县,2023,35.08,,,,,0.5572,,,,,7809,,,,,甘肃省
庆阳市,宁县,2022,35.22,,,,,0.5539,,,,,7906,,,,,甘肃省
庆阳市,庆城县,2022,,,,,,,0.4061,,7747,6207,,6006,,16957,18337,甘肃省
庆阳市,庆城县,2021,,,,,,,0.3942,,5963,5767,,6143,,14660,16003,甘肃省
庆阳市,庆城县,2020,,,,,,,0.371,,7246,5260,,6006,,11629,14198,甘肃省
庆阳市,镇原县,2023,32.39,23.6128,8.7772,12650.3,15596.55,0.7011,0.4169,0.2842,8431.58,11215.07,15381,11370,4011,32292.21,28676.74,甘肃省
庆阳市,镇原县,2022,32.403,24.48890833,7.914091667,15345.59,13767.2,0.6875,0.4133,0.2742,6973,10486.14,12850,9064,3786,26949,26116,甘肃省
庆阳市,正宁县,2023,13.4369,9.6344,3.8025,9785,7342,0.3443,0.0589,0.2854,6791,9540,4757,2189,2568,8779,17938,甘肃省
庆阳市,正宁县,2020,14.1069,,,3047,7659,0.2083,,,2912,7411,6936,4561,2375,8749,13926,甘肃省
曲靖市,师宗县,2021,22.78,,,,,1.39,,,,,8597,,,,,云南省
曲靖市,沾益区,2022,22.86,16.8811,5.9789,,,1.8153,1.305,0.5103,,,8629,5933,2696,,,云南省
泉州市,洛江区,2020,,6.7372,2.4883,,,4.66663,4.6467,0.01993,,,4051,3177,874,,,福建省
日照市,东港区,2020,,,,21900,15300,,,,71600,122400,,,,20900,34500,山东省
日照市,岚山区,2023,22.24,,,6096.95,15978.71,,,,,,,,,,,山东省
日照市,岚山区,2022,22.44,,,5690.32,14351.71,8.9,5.3132,3.5868,,82334.27664,,,,,,山东省
日照市,岚山区,2021,22.78,,,5243.51,13211.07,5.14,,,,,,,,,,山东省
三门峡市,湖滨区,2023,,,,,2934,,,,,15011,,,,,10422,河南省
三门峡市,湖滨区,2022,,,,,2617,,,,,13620,,,,,10040,河南省
三门峡市,湖滨区,2021,,,,,2333,,,,,12519,,,,,9143,河南省
三明市,宁化县,2020,21.22,,,,,0.98,,,,,10400,,,,,福建省
三明市,泰宁县,2023,6.9959,,,,,,1.2238,,,,,3979,,,,福建省
三明市,泰宁县,2022,7.0243,,,,,,1.1267,,,,,4069,,,,福建省
三明市,泰宁县,2021,7.0135,,,,,,1.2877,,,,,4086,,,,福建省
三明市,泰宁县,2020,,,,,,,1.2962,,,,,3935,,,,福建省
三明市,泰宁县,2019,6.8712,,,,,,12906,,,,,3918,,,,福建省
三明市,泰宁县,2018,6.6647,,,,,,1.2364,,,,,3919,,,,福建省
三明市,泰宁县,2017,6.441,,,,,,1.1607,,,,,3901,,,,福建省
三明市,泰宁县,2016,6.4482,,,,,,1.1155,,,,,4020,,,,福建省
三明市,泰宁县,2015,6.3853,,,,,,1.0716,,,,,4123,,,,福建省
三明市,泰宁县,2014,6.1835,,,,,,1.0298,,,,,4251,,,,福建省
三明市,泰宁县,2013,6.1704,,,,,,0.9431,,,,,4017,,,,福建省
三明市,泰宁县,2012,5.9801,,,,,,0.8995,,,,,3892,,,,福建省
三明市,尤溪县,2023,22.4493,,,,,,,,20902.92,,,,,21738,38150,福建省
三明市,尤溪县,2022,22.6183,,,,,,,,1652.56,,,,,15500,34300,福建省
三明市,尤溪县,2021,22.7288,,,,,,,,11799,,,,,12900,25300,福建省
三明市,尤溪县,2020,22.8,,,,9200,2.56,,,,17900,9320,,,,27800,福建省
厦门市,海沧区,2023,0.41,,,,,29.08,,,,,,,,,,福建省
厦门市,海沧区,2022,0.59,,,,,29.01,,,,,,,,,,福建省
厦门市,海沧区,2021,0.72,,,,,27.07,,,,,,,,,,福建省
厦门市,海沧区,2020,,,,,,26.85,,,,,,,,,,福建省
汕头市,龙湖区,2022,14.701,6.0373,8.6637,23580.34,11670.91,11.7047,10.9096,0.7951,,,,7782,,18999.28,20170.84,广东省
汕头市,龙湖区,2021,14.4792,6.2242,8.255,12059,10683,10.7111,10.112,0.5991,,,,7843,,26785,21994,广东省
汕头市,龙湖区,2020,14.5048,6.483,8.0218,17088,21290,9.6064,9.2603,0.3461,,,,7212,,19133,18106,广东省
商丘市,民权县,2022,50.34,36.83,13.51,27134,20196,2.8122,2.3375,0.4747,,,27204,17636,9568,21419,40552,河南省
商丘市,永城市,2022,87.5773,,,,,,,,,,,,,,,河南省
上海市,嘉定区,2016,,,,,,60.5,47.6,12.9,,,,,,,,上海市
上海市,嘉定区,2015,2.1787,0.392,1.7867,,,60,47.8,12.2,,,,,,,,上海市
上海市,金山区,2023,7.5568,1.4348,6.122,,,,,,,,,,,,,上海市
上海市,金山区,2022,7.6952,1.6062,6.089,,106796.1888,,,,,,,,,,,上海市
上海市,金山区,2020,7.9251,1.8129,6.1122,,91331.67074,,,,,,,,,,,上海市
上海市,青浦区,2017,2.604,1.6455,4.2284,,52153.4,,,,,,,,,,,上海市
上海市,青浦区,2016,5.8751,1.6708,4.2043,,45349.9,,,,,,,,,,,上海市
上海市,青浦区,2015,5.9527,1.7429,4.2098,,40741.1,3.344,,,,,,,,,,上海市
上海市,青浦区,2014,,,,,,,,,,,,,,,,上海市
上海市,青浦区,2013,,,,,,,,,,,,,,,,上海市
上饶市,德兴市,2023,11.9509,4.2788,7.6721,,,9.2547,6.0783,3.1764,,,11564,7738,3826,,,江西省
上饶市,德兴市,2022,11.9554,6.8481,5.1073,,,8.9461,5.8716,3.0745,,,11595,7907,3688,,,江西省
上饶市,德兴市,2021,12.75,,,7696,,8.6,5.7741,2.8259,,,11300,7800,3500,13164,,江西省
上饶市,德兴市,2020,,,,,,6.5678,3.7356,2.8322,,72873,10865,7468,3397,,19559,江西省
韶关市,曲江区,2021,9.24,,,,,6.98,5.14,1.84,,,,,,,,广东省
韶关市,翁源县,2023,14.8257,,,,,6.2699,,,,,,,,,,广东省
韶关市,翁源县,2022,14.9065,,,,,6.0503,,,,,,,,,,广东省
韶关市,翁源县,2021,14.9396,,,,,5.787,,,,,,,,,,广东省
韶关市,翁源县,2020,15.243,,,,,5.5912,,,,,,,,,,广东省
韶关市,浈江区,2023,4.28,,,,,12.19,8.54,3.65,,,,,,,,广东省
韶关市,浈江区,2022,4.3189,,,,,8.7893,,,,,4498,,,,,广东省
韶关市,浈江区,2021,4.266,,,,,,,,,,,,,,,广东省
韶关市,浈江区,2020,4.2574,,,,,8.4366,,,,,,,,,,广东省
邵阳市,城步苗族自治县,2023,16.7468,,,,,2.2451,,,,,12137,,,,,湖南省
邵阳市,城步苗族自治县,2022,16.6476,,,,,2.0456,,,,,11881,,,,,湖南省
邵阳市,城步苗族自治县,2021,16.6476,,,,,1.8853,,,,,11879,,,,,湖南省
邵阳市,城步苗族自治县,2020,16.7614,,,,,1.895,,,,,11517,,,,,湖南省
邵阳市,洞口县,2020,,,,,,4.36,,,,,25400,,,,,湖南省
邵阳市,洞口县,2019,,,,,,2.47,,,,,24800,,,,,湖南省
绍兴市,嵊州市,2022,,,11.45,,,,,,,,,,,,,浙江省
绍兴市,新昌县,2023,,,,,,,,,,,,,,,,浙江省
绍兴市,新昌县,2022,,,,,,,,,,,,,,,,浙江省
绍兴市,新昌县,2021,,,,,,,,,,,,,,,,浙江省
绍兴市,新昌县,2020,,,,,,,,,,,,,,,,浙江省
绍兴市,诸暨市,2021,28.29,,,,,50.63,,,,,34800,,,,,浙江省
绍兴市,诸暨市,2020,34.91,,,,,51.3,,,,,34900,,,,,浙江省
沈阳市,新民市,2020,29.2605,,,,,5.2217,,,,,,,,,,辽宁省
石家庄市,行唐县,2020,23.6842,16.0112,7.673,2782,10460,2.3657,,,,,13375,,,,,河北省
双鸭山市,饶河县,2022,1.7752,0.9469,0.8283,,,0.9034,0.5292,0.3742,,,3758,959,2799,,,黑龙江省
松原市,前郭尔罗斯蒙古族自治县,2022,27.3663,,,,,6.8717,,,,,24530,,,,,吉林省
松原市,长岭县,2023,29.0321,19.0357,9.9964,3251,12320,5.3456,2.9714,2.3742,31411,68229,22102,13364,8738,24849,54667,吉林省
宿迁市,泗洪县,2023,33.59,,,,,8.87,,,11400,99900,,,,,,江苏省
宿迁市,泗洪县,2022,,,,,,,,,,,,,,,,江苏省
宿迁市,泗洪县,2021,34.51,,,,,8.01,,,71700,81300,,,,,,江苏省
宿迁市,泗洪县,2020,35.03,,,,,10.04,,,,,,,,,,江苏省
宿迁市,宿城区,2020,17.78,,,,,,,,,,8390,,,,,江苏省
绥化市,肇东市,2023,5.1816,,,,,3.6603,,,,,,13191,,,,黑龙江省
绥化市,肇东市,2022,,,,,,8.7823,,,,148000,,13423,,,,黑龙江省
绥化市,肇东市,2021,,,,,,,1.943,,,147000,,13233,,,,黑龙江省
绥化市,肇东市,2020,,,,,,,3.1287,,,137200,,13147,,,,黑龙江省
塔城地区,塔城市,2023,3.8522,,,1517,,2.9119,,,22609,,6344,,,14399,,新疆维吾尔自治区
塔城地区,裕民县,2022,2.1594,,,,,0.8725,,,,,5792,,,,,新疆维吾尔自治区
台州市,路桥区,2022,13.5349,,,,,,,,,,12200,,,,,浙江省
太原市,古交市,2022,5.8593,,,,,2.5421,,,,,12006,,,,,山西省
太原市,娄烦县,2022,6.5663,,,,,0.9788,,,,,6701,,,,,山西省
太原市,小店区,2022,13.6652,,,,,22.1549,,,,,12180,,,,,山西省
太原市,迎泽区,2022,2.91,,,,,9.9,,,,,9300,,,,,山西省
泰安市,岱岳区,2022,32.01,19.01,13,,28300,12,,,,70400,17800,,,,50700,山东省
泰安市,东平县,2023,43.2,,,,,7.53,,,,,14700,,,,,山东省
泰安市,东平县,2022,45.22,,,,,7.5,,,,,14400,,,,,山东省
泰安市,东平县,2021,45.3612,,,,,11.2884,,,,,,,,,,山东省
泰安市,东平县,2020,46.8906,,,,,11.4859,,,,,15100,,,,,山东省
泰安市,宁阳县,2022,44.2,,,,,8.1,,,,89000,15000,,,,58000,山东省
泰安市,宁阳县,2020,,,,,,9.3,,,,74600,16000,,,,76900,山东省
泰安市,宁阳县,2019,46.2,,,,,8.94,,,,64900,16000,,,,48300,山东省
泰安市,宁阳县,2018,,,,,,10.45,,,,63300,15900,,,,43000,山东省
泰安市,新泰市,2012,65.3,,,,,16.9248,,,,43268,32660,,,,29399,山东省
泰安市,新泰市,2011,47.4,,,,,12.662,,,,35314,32324,,,,26315,山东省
唐山市,丰南区,2023,25.36,,,,,14.49,,,12082,,12600,,,,,河北省
唐山市,丰南区,2022,25.67,,,,,14.0193,,,107928.1,,12565,,,,,河北省
通辽市,科尔沁左翼中旗,2022,22.1396,,,,,3.9161,,,,,15697,9347,6350,,,内蒙古自治区
通辽市,科尔沁左翼中旗,2021,22.1,,,,,2.0231,,,,,14810,8845,5965,,,内蒙古自治区
铜仁市,德江县,2022,23.1605,,,,,1.3936,,,,,13195,,,,,贵州省
铜仁市,印江土家族苗族自治县,2022,23.4015,,,,,1.2409,,,,,12842,,,,,贵州省
铜仁市,印江土家族苗族自治县,2021,23.503,,,,,0.8224,,,,,9826,,,,,贵州省
铜仁市,印江土家族苗族自治县,2020,23.0535,,,,,,,,,,,,,,,贵州省
威海市,乳山市,2018,,,10.7,,17600,8.92,0.9318,7.9882,,218766,,11425,,,,山东省
威海市,乳山市,2017,26.4,15.9,10.5,,16800,8.82,1.3378,7.4822,,201731,,11314,,,,山东省
威海市,乳山市,2016,26.4,,,,,8.5998,1.4458,7.154,,189087,,11777,,,,山东省
威海市,乳山市,2015,,,,,,9.1298,4.1253,5.0045,,146963,,12043,,,,山东省
威海市,乳山市,2014,29.2287,,,,,8.2339,4.1044,4.1295,,108023,,12600,,,,山东省
威海市,乳山市,2013,28.7493,,,,,7.6978,4.0901,3.6077,,83971,,12395,,,,山东省
威海市,乳山市,2012,27.9542,,,,,7.667,4.3539,3.3131,,73509,,12585,,,,山东省
威海市,乳山市,2011,,,,,,7.2971,4.2056,3.0915,,63235,,12814,,,,山东省
威海市,乳山市,2010,,,,,,6.3113,3.4463,2.865,,54383,,13080,,,,山东省
潍坊市,高密市,2022,51.37,34.6,16.77,,40400,14.73,10.12,4.61,,,17600,,,,,山东省
潍坊市,高密市,2021,51.4,35.1,16.3,20000,,,,4.3,,,,,10000,,,山东省
潍坊市,高密市,2020,51.37,34.99,16.38,42000,31300,12.14,8.12,4.02,,,17700,,,,,山东省
潍坊市,奎文区,2021,,,1.4012,1298,3627,13.5078,11.5056,2.0022,110467,55197,,,3169,12014,22039,山东省
潍坊市,奎文区,2020,,,1.4101,962.4,3156,10.4353,8.7946,1.6407,44823,44420,,,3378,12042,21189,山东省
潍坊市,临朐县,2022,49.5311,,,,,7.8682,,,,,16925,,,,,山东省
潍坊市,临朐县,2021,49.5298,,,,,7.329,,,,,17238,,,,,山东省
潍坊市,临朐县,2020,49.5298,,,,,6.9761,,,,,17245,,,,,山东省
文山壮族苗族自治州,广南县,2022,52.3073,,,,,,,,,,,,,,,云南省
文山壮族苗族自治州,广南县,2021,49.737,36.979,12.758,4200.7,,,,,,,,,,,,云南省
文山壮族苗族自治州,广南县,2020,48.6598,34.8543,13.8055,4233.29,,,,,,,,,,,,云南省
文山壮族苗族自治州,文山市,2020,22.9453,,,,,3.8906,,,,,11416,,,,,云南省
文山壮族苗族自治州,西畴县,2021,14.9998,11.2646,3.7352,,,0.6375,,,,,6391,,,,,云南省
乌兰察布市,化德县,2023,6.4158,3.437,2.9788,2944.1,5560.1,2.6564,1.2354,1.421,14416.39,44036.85,8059,4654,3405,9086.63,21868.63,内蒙古自治区
吴忠市,盐池县,2023,8.0373,,,,,,,,,,,,,,,宁夏回族自治区
吴忠市,盐池县,2022,8.7217,6.5426,2.1791,,6078,2.4213,1.9086,0.5127,,17968,7001,4109,2892,,21215,宁夏回族自治区
吴忠市,盐池县,2020,8.004,6.0276,1.9764,,5136,1.9081,1.431,0.4771,,15745,6969,4280,2689,,18266,宁夏回族自治区
武威市,天祝藏族自治县,2023,10.7588,7.5915,3.1673,9295,5931,,0.5549,,9563,4209,11228,8364,2864,21190,21541,甘肃省
武威市,天祝藏族自治县,2021,10.7793,7.9971,2.7822,7077,4850,0.9133,0.5217,0.3916,7672,9744,10690,8175,2515,19748,17822,甘肃省
武威市,天祝藏族自治县,2019,10.8715,8.1615,2.71,6079,4049,0.7861,0.4146,0.3715,5163,7901,10578,8257,2321,21900,14400,甘肃省
武威市,天祝藏族自治县,2018,,10.692,2.6633,5816.16,3558.49,0.8763,0.5207,0.3556,4882,6673,10079,8061,2018,3075,6251,甘肃省
西安市,鄠邑区,2023,23.24,,,,,4.56,,,,,10700,,,,,陕西省
西安市,鄠邑区,2022,23.02,,,,,4.3,,,,,10800,,,,,陕西省
西安市,鄠邑区,2021,23.12,,,,,3.94,,,,,11100,,,,,陕西省
西安市,鄠邑区,2020,23.27,,,,,3.57,,,,,11200,,,,,陕西省
西宁市,大通回族土族自治县,2023,25.2489,,,,11132.6,5.0027,,,,78827.26,7945,,,,29862.08,青海省
西宁市,大通回族土族自治县,2022,25.4614,,,,11200,2.9521,1.0968,1.8553,,87800,8511,,,,32200,青海省
西宁市,湟源县,2022,6.9331,,,,,1.1371,,,,,4090,,,,,青海省
西双版纳傣族自治州,勐海县,2023,20.5145,,,,,2.9662,2.1252,0.841,,,6477,2844,3633,,,云南省
西双版纳傣族自治州,勐海县,2022,20.58,,,,,2.7214,1.903,0.8184,,,9808,6301,3507,,,云南省
西双版纳傣族自治州,勐海县,2021,20.5085,,,,,2.5653,1.7769,0.7884,,,9799,6394,3405,,,云南省
锡林郭勒盟,苏尼特左旗,2023,1.206,,,,,0.7442,,,,,3922,,,,,内蒙古自治区
锡林郭勒盟,太仆寺旗,2021,9.58,5.9965,3.5835,2865,7753,1.9488,0.9009,1.0479,9831,31900,7527,4254,3273,9271,22395,内蒙古自治区
咸宁市,嘉鱼县,2023,14.64,,,,,,,,,72984,,,,,35121,湖北省
咸宁市,嘉鱼县,2022,15.05,,,,,,,,,102200,,,,,31259,湖北省
咸宁市,嘉鱼县,2021,15.66,,,,,,,,,130058,,,,,29858,湖北省
咸宁市,嘉鱼县,2020,15.51,,,,,,,,,62144,,,,,25914,湖北省
咸宁市,嘉鱼县,2019,15.39,,,,,,,,,55376,,,,,22372,湖北省
咸宁市,嘉鱼县,2018,12.53,,,,,,,,,47926,,,,,22495,湖北省
咸宁市,嘉鱼县,2016,12.82,,,,,,,,,36176,,,,,14551,湖北省
咸宁市,嘉鱼县,2015,12.66,,,,,,,,,31528,,,,,13184,湖北省
咸宁市,嘉鱼县,2014,13.03,,,,,,,,,26556,,,,,14049,湖北省
咸宁市,嘉鱼县,2013,13.43,,,,,,,,,22119,,,,,7379,湖北省
咸宁市,嘉鱼县,2012,12.34,,,,,,,,,18333,,,,,5189,湖北省
咸宁市,嘉鱼县,2011,,,,,,,,,,13631,,,,,4830,湖北省
咸宁市,嘉鱼县,2010,,,,,,,,,,9424,,,,,4981,湖北省
咸宁市,嘉鱼县,2009,,,,,,,,,,7658,,,,,4380,湖北省
咸宁市,嘉鱼县,2008,,,,,,,,,,6300,,,,,4023,湖北省
咸宁市,嘉鱼县,2007,,,,,,,,,,4783,,,,,3981,湖北省
咸宁市,嘉鱼县,2004,,,,,,1.3249,,,,,6855,,,,,湖北省
咸宁市,通山县,2023,16.8946,,,,,2.1325,,,,,16021,,,,,湖北省
咸宁市,通山县,2022,24.5681,,,,,3.3382,,,,,15646,9237,6407,,,湖北省
咸宁市,通山县,2021,,,,,,3.2269,,,,,15670,9461,6209,,,湖北省
咸宁市,通山县,2021,,,,,,3.2269,,,,,15670,9461,6209,,,湖北省
咸宁市,咸安区,2023,18.0503,11.9552,6.0951,,13470,6.7323,4.2784,2.4539,,62567,17788,10608,7180,,46734,湖北省
咸宁市,咸安区,2020,,11.8027,5.6978,3307.36,8037,,,2.2169,,51516,,,6146,,53117,湖北省
咸阳市,彬州市,2022,20.21,15.07,5.14,,9266.58,2.7,,,,,12600,,,,,陕西省
咸阳市,彬州市,2021,15.5,10.6,4.9,,8702.04,2.63,,,,,12700,,,,,陕西省
咸阳市,彬州市,2020,17.08,12.3,4.78,,8047.25,2.55,,,,,13100,,,,,陕西省
咸阳市,泾阳县,2022,,15.943,6.8127,,,3.931,2.5724,1.3586,,,,,4804,,,陕西省
咸阳市,泾阳县,2021,,15.5989,6.4431,,,4.2196,2.9081,1.3115,,,,,4721,,,陕西省
咸阳市,礼泉县,2022,25.48,16.71,8.77,,12900,,,,,,20730,13502,7228,,,陕西省
咸阳市,乾县,2021,30.21,,,,,,,,,,18470,,,,,陕西省
湘潭市,湘潭县,2020,50.55,,,,,5.6244,,,,,14593,,,,,湖南省
湘潭市,湘乡市,2023,46.3578,,,,20156.73,15.0154,11.6245,3.3909,,95706.04,25870,16573,9297,,52113.9,湖南省
湘潭市,湘乡市,2022,,,,,,8.0388,4.6479,3.3909,,142700,16689,,,54000,53400,湖南省
湘潭市,湘乡市,2021,,,,,19700,5.419,,,38100,,16818,,,23900,49800,湖南省
湘潭市,湘乡市,2020,,,14.4125,4400,,5.2628,2.1201,3.1427,104700,113900,16687,,,23800,,湖南省
湘西土家族苗族自治州,凤凰县,2023,23.33,,,4873.13,9244.77,2.77,,,13802.87,27859.79,14200,,,20765.07,25464.12,湖南省
湘西土家族苗族自治州,凤凰县,2022,23.27,,,3694.51,6879.95,1.468,,,9539,23211.74,9538,,,13565,21967.08,湖南省
湘西土家族苗族自治州,凤凰县,2020,,,,,,1.1964,,,7866,19500,9498,,,13329,19700,湖南省
湘西土家族苗族自治州,吉首市,2023,9.3494,,,,,4.2227,2.4687,1.754,,46567,7923,3835,4088,,,湖南省
湘西土家族苗族自治州,吉首市,2022,11.5957,,,,,4.6995,3.09,1.6095,,34430,7880,4322,3558,,,湖南省
湘西土家族苗族自治州,吉首市,2021,9.2431,,,,,2.8866,1.2851,1.6015,,38761,7964,4479,3485,,,湖南省
湘西土家族苗族自治州,吉首市,2020,11.6378,,,,,2.5319,1.0637,1.4682,,34347,7808,4390,3418,,,湖南省
湘西土家族苗族自治州,龙山县,2023,28.08,,,3662,,3.92,,,25723,,13600,,,23306,,湖南省
湘西土家族苗族自治州,龙山县,2022,28.55,,,17062.25,,3.82,,,26191,,13600,,,22754.16,,湖南省
湘西土家族苗族自治州,龙山县,2021,28.431,,,3514.16,,3.69,,,20381.5,,13700,,,23313.27,,湖南省
湘西土家族苗族自治州,龙山县,2020,8.205025,,,11806.59,,1.157791667,,,33282.44,,5066.666667,,,28276.91,,湖南省
湘西土家族苗族自治州,龙山县,2019,28.41,,,3238.5,,2.65,,,24703.82,,13100,,,22631.86,,湖南省
湘西土家族苗族自治州,龙山县,2018,27.76,,,3204.29,,2.3,,,37511.91,,13000,,,23060.51,,湖南省
湘西土家族苗族自治州,龙山县,2017,27.02,14.94,12.08,2873.67,,2.08,1.33,0.75,20876.08,,12700,,,19899.77,,湖南省
襄阳市,谷城县,2022,28.67,19.06416667,9.605833333,,15300,6.1396,3.8297,2.3001,,59887,20151,11571,8580,,,湖北省
孝感市,大悟县,2021,22.4,,,5108.39,,,,,,,11438,,,19835,,湖北省
孝感市,孝昌县,2021,29.077,,,,,2.4137,,,,,9452,,,,,湖北省
孝感市,应城市,2023,29.7191,,,,,,,,,,,,,,,湖北省
信阳市,固始县,2023,38.8388,,,11639,43575,15.4881,,,123000,124000,26265,12028,14237,28438,69486,河南省
信阳市,固始县,2022,89.95,,,65312,33264,14.8556,,,113200,116100,40572,,,33943,64552,河南省
信阳市,固始县,2021,83.62,,,12248.29,32000,13.8132,,,59074,91006,41454,,,41526,59059,河南省
信阳市,潢川县,2023,46.9,,,,,4.27,,,,,25000,,,,,河南省
兴安盟,阿尔山市,2022,0.6466,0.5289,0.1177,,,2.042,1.1236,0.9184,,,3559,2723,836,,,内蒙古自治区
兴安盟,科尔沁右翼中旗,2023,12.576,,,1828.98,5142.63,3.2556,1.6615,1.5941,,44603.02,13719,8861,4858,,32465.33,内蒙古自治区
兴安盟,科尔沁右翼中旗,2021,,12.2415,2.3634,,,2.9201,1.4827,1.4374,,,12862,8555,4307,,,内蒙古自治区
徐州市,沛县,2021,28,,,,,10.32,,,,,21400,,,,,江苏省
徐州市,沛县,2020,28.9,,,,,9.52,,,,,21500,,,,,江苏省
许昌市,鄢陵县,2023,38.2,,,,,2.6,,,,,22000,,,,,河南省
许昌市,鄢陵县,2022,42.84,,,,,1.46,,,,,22000,,,,,河南省
雅安市,名山区,2022,11.748,7.6787,4.0693,,,5.8972,3.4426,2.4546,,,5320,2269,3051,,,四川省
烟台市,莱州市,2022,46.1339,,,,,22.0733,,,,,28476,,,,,山东省
延安市,黄陵县,2022,5.32,,,,,1.65,,,,,,7200,,,,陕西省
延安市,黄龙县,2022,2.4703,,,,,0.5226,,,,,4723,4143,,,,陕西省
延安市,黄龙县,2020,2.5618,,,,,0.4922,,,,,4508,,,,,陕西省
延安市,延川县,2022,8.183,,,,,1.0244,,,,,9303,,,,,陕西省
延安市,延川县,2021,8.18,,,,,0.9856,,,,,9247,,,,,陕西省
延安市,延川县,2020,8.12,,,,,1.0335,,,,,9105,,,,,陕西省
延安市,延川县,2019,7.58,,,,,0.9152,,,,,9091,,,,,陕西省
延安市,延川县,2018,7.58,,,,,0.8702,,,,,8799,,,,,陕西省
延安市,志丹县,2022,7.6444,,,,,1.7169,,,,,9638,,,,,陕西省
延安市,志丹县,2017,6.5895,5.0545,1.535,515.48,,1.3559,1.2464,0.1095,15342,2733,10225,8532,1693,6795,8238,陕西省
扬州市,宝应县,2023,,,,42600,,,,,,,,,,32200,,江苏省
扬州市,宝应县,2021,,,,17100,,,,,,,,,,25500,,江苏省
扬州市,邗江区,2021,3.77,,,,,18.5,,,,,15000,,,,,江苏省
阳泉市,盂县,2022,15.4159,,,,,3.8589,,,,,13026,,,,,山西省
阳泉市,盂县,2021,15.5141,,,,,2.6291,,,,,12714,,,,,山西省
伊犁哈萨克自治州,伊宁县,2022,17.5215,,,,,1.894,,,,,12810,,,,,新疆维吾尔自治区
伊犁哈萨克自治州,伊宁县,2021,18.2836,,,1964.66,,,,,15256.3,,,,,18398.97,,新疆维吾尔自治区
宜宾市,兴文县,2022,15.9961,9.8417,6.1544,12662,8893,3.0466,0.8106,2.236,11321,38002,9234,5389,3845,16137,24614,四川省
宜宾市,叙州区,2022,36.77,,,,24000,9.14,,,,114000,,15000,,,41000,四川省
宜宾市,叙州区,2021,36.86,23.67,13.19,,22700,8.79,4.62,4.17,,105900,14900,8500,6400,,45100,四川省
宜昌市,宜都市,2022,13.8512,,,,,12.7076,,,,,13135,,,,,湖北省
宜昌市,宜都市,2021,14.2,,,,,11.6,,,,,12900,,,,,湖北省
宜昌市,宜都市,2020,14.18,,,,,11.18,,,,,12800,,,,,湖北省
宜昌市,远安县,2023,,,,,,5.2539,2.9842,2.2697,,,,4853,,,,湖北省
宜昌市,远安县,2022,,,,,,5.038,2.8773,2.1607,,,,4891,,,,湖北省
宜昌市,远安县,2021,,,,,,4.8787,2.8088,2.0699,,,,4954,,,,湖北省
宜昌市,长阳土家族自治县,2023,22.9172,14.1521,8.7651,22064,16686,5.5357,3.9278,1.6079,78361,77860,13685,7733,5952,37847,66309,湖北省
宜昌市,长阳土家族自治县,2022,23.1944,14.5742,8.6202,20842,14795,5.3084,3.8335,1.4749,70548,70471,13458,7736,5722,40534,38886,湖北省
宜昌市,长阳土家族自治县,2020,23.0541,15.164,7.8901,14882,11116,4.65,3.3291,1.3209,42694,40709,12717,7248,5469,33187,32792,湖北省
宜昌市,枝江市,2022,20.3566,,,,,,8.183,,,,7891,,,,,湖北省
宜春市,奉新县,2023,11.2586,,,,,6.8988,,,,,11901,,,,,江西省
宜春市,奉新县,2022,12.4387,8.6588,3.7799,1508.12,8336.17,6.4345,,,35969,54264,11566,,,10581,22667,江西省
宜春市,奉新县,2021,12.7085,9.092,3.6165,2289.78,6787.75,5.8475,,,31863,49997,11284,,,10556,21311,江西省
宜春市,奉新县,2020,13.2189,9.776,3.4429,2128.8,5322.33,6.03,3.83,2.2,,,10900,7000,3900,,,江西省
宜春市,上高县,2023,15.79,6.2614,9.5286,3101,,10.9374,7.77,3.1674,61029,83079,12065,7761,4304,15726,24090,江西省
宜春市,上高县,2022,,,,,,10.5276,7.6184,2.9092,44089,76455,11741,7697,4044,11443,22551,江西省
宜春市,袁州区,2022,37.0805,,,,,17.1928,,,,,19741,,,,,江西省
宜春市,袁州区,2021,37.1156,,,,,16.5913,,,,,19521,,,,,江西省
宜春市,袁州区,2020,37.5597,,,,,15.5088,,,,,19272,,,,,江西省
宜春市,樟树市,2020,29.1088,,,,,8.5768,,,,,16345,,,,,江西省
益阳市,大通湖区,2023,3.18,2.78,0.4,,,2.68,0.08,2.6,,,3500,2000,1500,,,湖南省
益阳市,大通湖区,2022,3.31,2.95,0.36,,,2.73,0.13,2.6,,,2000,600,1400,,,湖南省
益阳市,大通湖区,2021,3.2,2.91,0.29,,,2.81,0.3,2.51,,,2100,700,1400,,,湖南省
益阳市,大通湖区,2020,3.28,2.95,0.33,,,2.68,0.2,2.48,,,2200,900,1300,,,湖南省
益阳市,赫山区,2021,38.953,,,15288,,4.075,,,38775,,13708,,,24082,,湖南省
益阳市,南县,2023,34.5934,,,,19493.23,8.6732,,,31228.1,,21983,,,20564.26,,湖南省
永州市,江华瑶族自治县,2021,,,,,,2.35,,,,,10500,,,,,湖南省
永州市,冷水滩区,2021,,16.0636,5.2582,8525.69,9655.31,7.5944,,,30386.93,,18354,,,18688.06,,湖南省
永州市,冷水滩区,2020,15.9898,10.2519,5.7379,8338.26,9028.67,5.0343,,,38723.19,,12700,,,18751.84,,湖南省
永州市,零陵区,2020,33.01,,,,,2.389,,,21666,,20899,,,,,湖南省
榆林市,榆阳区,2023,21.44,,,,,9.86,,,,,22700,,,,,陕西省
榆林市,榆阳区,2022,21.4,,,,,5.5,,,,,23000,,,,,陕西省
榆林市,榆阳区,2021,21.65,,,,,6.05,,,,,22100,,,,,陕西省
玉溪市,峨山彝族自治县,2023,9.2425,,,,,1.9201,,,,,4609,,,,,云南省
玉溪市,峨山彝族自治县,2022,9.27,,,,,1.33,,,,,4667,,,,,云南省
玉溪市,华宁县,2023,12.4325,9.2225,3.21,4047.995,5688.5,1.5171,1.1584,0.3587,,,5083,2575,2508,,,云南省
玉溪市,华宁县,2022,12.5214,9.4514,3.07,4340,4999,1.306,0.96,0.346,,,5101,2681,2420,,,云南省
玉溪市,华宁县,2020,12.509,9.669,2.84,6950,4345,0.8462,0.5217,0.3245,,,5105,2929,2176,,,云南省
玉溪市,江川区,2023,15.76,,,,,2.8483,,,,,5412,,,,,云南省
玉溪市,江川区,2022,15.842,,,,,2.5711,,,,,5436,,,,,云南省
玉溪市,通海县,2014,16.2556,,,,,0.8645,,,,,6007,,,,,云南省
玉溪市,通海县,2013,16.233,,,,,0.8595,,,,,5813,,,,,云南省
玉溪市,通海县,2012,16.4629,,,,,0.8573,,,,,5905,,,,,云南省
玉溪市,通海县,2011,12.9477,,,,,0.7377,,,,,5765,,,,,云南省
玉溪市,通海县,2010,,,,,,0.7118,,,,,5705,,,,,云南省
玉溪市,通海县,2008,,,,,,0.6524,,,,,5599,,,,,云南省
玉溪市,通海县,2007,,,,,,0.7027,,,,,5714,,,,,云南省
玉溪市,易门县,2022,10.2382,,,4569,4511,0.7695,0.553,0.2165,11061,7550,4768,2507,2261,10561,14249,云南省
玉溪市,易门县,2021,10.2404,,,5777,4345,0.7879,0.5758,0.2121,11123,6912,4831,2662,2169,10521,13014,云南省
玉溪市,易门县,2020,10.1463,,,6451,3474,0.7159,0.5056,0.2103,5709,8451,4810,2702,2108,10345,12256,云南省
玉溪市,元江哈尼族彝族傣族自治县,2023,11.4426,,,2474.61,4578.52,2.2901,1.6917,0.5984,13278.45,23597.43,9076,6246,2830,13854.45,18204.17,云南省
玉溪市,元江哈尼族彝族傣族自治县,2022,11.44,,,2584.56,4282.12,2.1315,1.5566,0.5749,12601.5,12181.83,8276,5594,2682,13414.33,16736.83,云南省
玉溪市,元江哈尼族彝族傣族自治县,2021,11.424,,,1992,3878,1.9445,1.3889,0.5556,,,8157,5617,2540,,,云南省
玉溪市,元江哈尼族彝族傣族自治县,2020,11.3533,,,1320.88,3577.46,1.2437,,,,,5691,,,,,云南省
岳阳市,云溪区,2020,4.7539,,,,,2.4194,,,14987,,3673,,,,,湖南省
云浮市,新兴县,2020,20.44,,,,,7.42,,,,,14900,,,,,广东省
枣庄市,山亭区,2022,31.52,,,,,3.01,,,,,14300,,,,,山东省
枣庄市,山亭区,2021,31.52,,,,,2.99,,,,,9862,,,,,山东省
枣庄市,台儿庄区,2020,17.44,,,,,4.15,3.397,0.753,,,7191,3421,3770,,,山东省
枣庄市,滕州市,2023,,,,67300,,,,,,,,,,,,山东省
枣庄市,滕州市,2020,,,,,47600,,,,,,,,,,,山东省
枣庄市,薛城区,2023,,,,7322,,,,,75428,,,,,24039,,山东省
枣庄市,薛城区,2022,,,,7981,,,,,60420,,,,,18606,,山东省
枣庄市,枣庄市中区,2020,11.9,5.2486,6.6514,,,6.4822,5.2322,1.25,38900,39000,14797,9736,5061,16500,31500,山东省
张家界市,桑植县,2022,28.28,,,5685,,,2.1629,,12678,,,10590,,,,湖南省
张家界市,桑植县,2021,28.37,,,15287,,,2.1495,,10635,,,10670,,,,湖南省
张掖市,甘州区,2023,24.5607,,,,,3.9955,,,,,16158,,,,,甘肃省
张掖市,甘州区,2022,24.7803,,,,,3.7913,,,,,16311,,,,,甘肃省
张掖市,甘州区,2021,24.851,,,,,2.0226,,,,,11440,,,,,甘肃省
张掖市,甘州区,2020,24.9805,,,,,1.1207,,,,,11362,,,,,甘肃省
张掖市,民乐县,2022,13.2259,,,,,0.4756,,,,,15311,,,,,甘肃省
张掖市,民乐县,2021,13.352,,,,,0.46,,,,,14515,,,,,甘肃省
张掖市,山丹县,2022,10.2455,,,,4169.59,1.7017,,,,22994.49,7951,,,,15104.18,甘肃省
张掖市,山丹县,2020,10.1613,,,,3301.92,0.8169,,,,19555.04,7653,,,,12990.74,甘肃省
张掖市,山丹县,2019,10.1621,,,,3282.14,0.6968,,,,18753.13,5024,,,,10928.16,甘肃省
张掖市,山丹县,2018,10.3391,,,,3168,0.5988,,,,17289,5176,,,,10020,甘肃省
长沙市,长沙县,2010,,,11.0043,,8062,7.6452,,,30722,,,11603,,7944,,湖南省
长沙市,长沙县,2009,,10.2098,,,919,4.8904,,,22719,,11776,,,8011,,湖南省
长沙市,长沙县,2007,,,,,,3.291,,,13000,5000,11917,,,9000,8000,湖南省
长沙市,长沙县,2006,,,,,,,,,7482,4320,,,,6124,5515,湖南省
长治市,黎城县,2022,8.3544,,,,,1.0586,,,,,4821,,,,,山西省
长治市,黎城县,2020,8.2262,,,,,1.6304,,,,,7466,,,,,山西省
长治市,黎城县,2018,8.1372,,,,,1.1036,,,,,7500,,,,,山西省
长治市,潞州区,2022,15.1667,,,,,4.8229,,,,,13189,,,,,山西省
长治市,潞州区,2020,14.9463,,,,,3.4212,,,,,8850,,,,,山西省
长治市,沁县,2022,8.0206,,,,,1.1212,0.729,0.3922,,,7546,4126,3420,,,山西省
长治市,沁县,2004,,,,,,,,,,,,,90,,89,山西省
长治市,襄垣县,2023,12.6124,,,1948.5,7660.77,4.3355,,,37311.66,22106.95,9594,,,11164,19786,山西省
长治市,襄垣县,2022,12.5452,,,,,4.1409,,,,,9358,,,,,山西省
长治市,襄垣县,2021,12.441,,,,,3.4865,,,,,9254,,,,,山西省
长治市,襄垣县,2020,12.2923,,,,,2.997,,,,,9476,,,,,山西省
长治市,长子县,2022,,,,,,2.8761,,,,,10374,,,,,山西省
肇庆市,鼎湖区,2023,9.3482,,,,,4.3391,,,,,4569,,,,,广东省
肇庆市,鼎湖区,2022,9.395,,,,,4.0755,3.7017,0.3738,36835,10376,4497,3107,1390,9870,8859,广东省
肇庆市,鼎湖区,2020,8.7252,8.7247.7106,4.2894,10967,7199.5,3.1211,2.8006,0.3205,12771,8232,,4424,,9109,8041,广东省
镇江市,句容市,2023,,,,,,,,,,,,,,,,江苏省
重庆市,奉节县,2022,39.2846,,,12173.72,,16.2369,,,112915.66,,25223,,,,,重庆市
重庆市,奉节县,2020,39.1685,,,4974,,15.731,,,48681,,24600,,,,,重庆市
重庆市,綦江区,2023,,31.3,12.19,26100,27200,26.62,14.72,11.9,120200,335300,26800,16600,10200,56400,70800,重庆市
重庆市,綦江区,2022,,30.84,10.46,12000,21400,26.15,14.7,11.45,189900,316100,26600,16800,9800,52700,65200,重庆市
重庆市,綦江区,2021,,20.35,10.33,5900,22700,24.87,13.71,11.16,115700,292600,27100,16600,10500,76600,63000,重庆市
重庆市,綦江区,2020,,19.16,11.34,4500,19700,31.12,20.24,10.88,84700,268700,26500,16300,10200,49200,59900,重庆市
舟山市,嵊泗县,2020,2.2348,,,,,3.8968,,,,,,,,,,浙江省
舟山市,嵊泗县,2019,2.5325,,,,,3.722,2.543,1.179,,,,,1831,,,浙江省
舟山市,嵊泗县,2016,2.5901,,,,,,,,,,5075,3432,1643,889.74,926.7,浙江省
株洲市,渌口区,2022,17.7,,,,,,,,,,,,,,,湖南省
株洲市,渌口区,2021,25.65,,,,,,,,,,,,,,,湖南省
株洲市,渌口区,2020,22.04,,,,,,,,,,,,,,,湖南省
株洲市,天元区,2020,6.56,,,,,,8.4,,,,,4183,,,,湖南省
驻马店市,确山县,2022,31.0688,22.4256,8.6432,,,3.5392,2.5762,0.963,,,16965,11112,5853,,,河南省
驻马店市,确山县,2020,30.7251,22.1197,8.6054,,,3.1689,2.2479,0.921,,,16608,11081,5527,,,河南省
驻马店市,驿城区,2022,32.3,,,,,6.95,,,,,20400,,,,,河南省
驻马店市,驿城区,2021,32.26,23.06,9.2,4895,12948,4.9563,2.8831,2.0732,37940,59439,20103,13321,6782,19824,33400,河南省
驻马店市,驿城区,2020,32.186,23.186,9,4686,12324,4.3038,2.2863,2.0175,34092,58266,19793,13096,6697,18774,31126,河南省
资阳市,雁江区,2015,,,,,,,,,,,20000,,,,,四川省
资阳市,雁江区,2010,,,,,,,,,,,25666,,,,,四川省
淄博市,博山区,2022,11.57,,,,,16.72,,,,,14800,,,,,山东省
淄博市,博山区,2021,11.71,,,,,16.87,,,,,14600,,,,,山东省
淄博市,博山区,2020,11.84,,,4100,,9.88,,,47800,,8900,,,17500,,山东省
淄博市,高青县,2023,18,,,,,5.5,,,,,8000,,,,,山东省
淄博市,高青县,2022,18.4,,,,,5.1,,,,,8000,,,,,山东省
淄博市,高青县,2021,18.6,,,,,4.9,,,,,8000,,,,,山东省
淄博市,高青县,2018,18.92,,,,,4.08,,,,,7300,,,,,山东省
淄博市,桓台县,2020,20.13,,,6486.9,,11.23,,,69628.93,,10400,,,20005.64,,山东省
淄博市,桓台县,2020,20.17,,,5719,,10.67,,,97517,,10500,,,20167,,山东省
淄博市,桓台县,2018,20.29,,,5478.56,,10.13,,,79608,,10700,,,21762,,山东省
淄博市,桓台县,2017,20.68,,,,,9.56,,,69505,,10800,,,21245,,山东省
淄博市,张店区,2023,4.79,,,3187,,17.09,,,174000,,12700,,,32000,,山东省
淄博市,张店区,2022,4.91,,,2724.1,,19.24,,,151600,,12400,,,31200,,山东省
淄博市,张店区,2021,4.88,,,2327.84,,18.8,,,142700,,12200,,,23000,,山东省
淄博市,张店区,2020,9.21,,,3805.28,,17.25,,,83200,,11700,,,23000,,山东省
淄博市,周村区,2020,7.6348,,,,,8.0046,,,,,,6955,,,,山东省
遵义市,播州区,2023,36.05,,,,,9.04,6.74,2.3,,,23000,16700,6300,,,贵州省
遵义市,播州区,2022,36.42,,,,,8.71,6.52,2.19,,,22600,16500,6100,,,贵州省
遵义市,播州区,2020,36.3379,,,,,9.8583,,,,,22041,,,,,贵州省
遵义市,红花岗区,2023,8.17,,,,,14.66,,,,,17000,,,,,贵州省
遵义市,红花岗区,2022,8.14,,,,,14.92,,,,,16800,,,,,贵州省
遵义市,绥阳县,2019,21.4178,,,,,,,,,,12508,,,,,贵州省
遵义市,务川仡佬族苗族自治县,2023,20.1716,,,,,2.1285,,,,,11941,,,,,贵州省
遵义市,务川仡佬族苗族自治县,2022,19.8757,,,,,2.0466,,,,,11597,,,,,贵州省
