地区,年份,年末常住人口万人,民用汽车拥有量万辆,公路客运量万人,交通事故直接财产损失总计万元,交通事故受伤人数总计人,交通事故死亡人数总计人,交通事故发生数总计起
北京市,2023,2186,639.98,60489,3566.1,5419,1001,6472
天津市,2023,1364,418.59,11310,3199,5907,927,6254
河北省,2023,7393,2017.92,29585,2214.8,2757,2181,3871
山西省,2023,3466,925.94,22662,5154.4,7430,2226,7778
内蒙古自治区,2023,2396,749.07,19817,2226.6,3846,784,3692
辽宁省,2023,4182,1101.81,48517,1761.7,4149,1805,4778
吉林省,2023,2339,571.8,29873,1717.2,7257,1482,6745
黑龙江省,2023,3062,659.57,36114,1736.6,3684,819,3438
上海市,2023,2487,535.82,6908,464.4,560,811,1169
江苏省,2023,8526,2422.7,75309,4337.2,7113,3645,9349
浙江省,2023,6627,2156.76,71866,4585.1,8223,2678,9690
安徽省,2023,6121,1188.79,46763,3478.1,9646,2356,9400
福建省,2023,4183,871.59,27381,2415.7,7652,1594,7983
江西省,2023,4515,799.24,28693,6079.9,3542,1474,3695
山东省,2023,10123,3033.54,55197,3955.6,10569,3009,11589
河南省,2023,9815,2103.46,60622,9645.8,23466,2652,20919
湖北省,2023,5838,1133.76,38328,13395.2,32508,4287,28492
湖南省,2023,6568,1154.16,62006,7541.6,6935,3270,7722
广东省,2023,12706,3068.22,60923,9301.9,33056,7246,34353
广西壮族自治区,2023,5027,942.01,27532,4863.2,17180,2677,15644
海南省,2023,1043,198.08,7017,1488,3186,604,2994
重庆市,2023,3191,606.79,33050,3878.3,4266,936,4227
四川省,2023,8368,1542.23,69769,7441.6,7325,2273,7113
贵州省,2023,3865,692.85,37709,5093.3,14988,2655,13965
云南省,2023,4673,956.15,33934,1658.8,4625,1908,5533
西藏自治区,2023,365,78.35,1150,1347.9,983,278,785
陕西省,2023,3952,904.95,27670,2716.9,5325,917,5109
甘肃省,2023,2465,460.72,24770,709.4,3990,1307,3791
青海省,2023,594,154.93,8878,773.2,1632,463,1699
宁夏回族自治区,2023,729,210.36,7264,263.4,1359,447,1450
新疆维吾尔自治区,2023,2598,611.38,30045,922.5,5317,1316,5039
北京市,2022,2184,627.89,21105,3171.9,4088,1053,5251
天津市,2022,1363,389.28,6959,3639.1,6116,915,6562
河北省,2022,7420,1925.04,4296,3026.6,2882,2339,4080
山西省,2022,3481,869.69,2476,5119.9,6848,2147,7015
内蒙古自治区,2022,2401,701.78,1844,1917.2,3324,865,3359
辽宁省,2022,4197,1049.33,13151,1757.8,4412,1816,4934
吉林省,2022,2348,542.93,5318,2325.6,7933,1594,7541
黑龙江省,2022,3099,627.61,6016,2408.2,5034,954,4522
上海市,2022,2475,504.23,2865,538.8,739,757,1242
江苏省,2022,8515,2303.95,32652,5477,8425,3861,10529
浙江省,2022,6577,2048.69,17938,7357.6,10518,2822,10812
安徽省,2022,6127,1127.53,7284,4267.9,9263,2217,8712
福建省,2022,4188,829.48,9651,1981.1,7275,1603,7645
江西省,2022,4528,756.51,9734,3364,3621,1671,3842
山东省,2022,10163,2899.99,8247,5038.3,11640,3272,12404
河南省,2022,9872,1990.45,19189,9779.5,31306,2683,23568
湖北省,2022,5844,1071.39,17412,15019.2,34940,4739,30164
湖南省,2022,6604,1103.65,27641,9920.8,12005,3834,11879
广东省,2022,12657,2895.89,23730,6246.6,23582,4717,25353
广西壮族自治区,2022,5047,890.79,14479,4714.3,17599,3142,16185
海南省,2022,1027,182.27,3447,1979.2,2983,535,2664
重庆市,2022,3213,575.6,14432,3632.3,4349,917,4127
四川省,2022,8374,1460.59,29816,7331.8,7927,2355,7569
贵州省,2022,3856,659.76,15537,5803.5,16140,2886,14554
云南省,2022,4693,909.74,11690,2038.6,5107,2345,6307
西藏自治区,2022,364,71.52,390,862.7,548,157,507
陕西省,2022,3956,846.29,8496,2421.4,4627,919,4413
甘肃省,2022,2492,428.37,5544,681.8,2592,1308,2888
青海省,2022,595,144.16,721,839.3,1406,469,1490
宁夏回族自治区,2022,728,196.78,2195,335.4,1613,457,1639
新疆维吾尔自治区,2022,2587,553.25,10384,928.3,4779,1327,4652
北京市,2021,2189,616.68,28059,5297.3,4417,1112,5363
天津市,2021,1373,360.09,8916,4239.1,7274,936,7548
河北省,2021,7448,1843.35,7079,3983.8,3235,2354,4268
山西省,2021,3480,820.09,5280,4651.2,9516,2118,9213
内蒙古自治区,2021,2400,661.9,2686,2396.5,3528,899,3576
辽宁省,2021,4229,1001.01,19362,2055.1,4334,1893,4876
吉林省,2021,2375,515.52,9155,3687,12230,1778,11026
黑龙江省,2021,3125,592.32,8477,3620.7,5632,1008,5133
上海市,2021,2489,465.5,1480,525.7,330,797,930
江苏省,2021,8505,2176.49,43789,7318.6,8495,3671,10529
浙江省,2021,6540,1923.62,24246,9691.5,11078,2812,11262
安徽省,2021,6113,1062.67,16284,5162.5,11244,2241,10267
福建省,2021,4187,780.97,10522,1861.3,9143,1617,8578
江西省,2021,4517,712.69,14978,4646.1,4123,1768,4352
山东省,2021,10170,2740.07,15139,6090,11554,3381,12660
河南省,2021,9883,1884.31,37388,9906.3,20657,2699,18696
湖北省,2021,5830,1006.35,21098,15711.1,36061,4681,31757
湖南省,2021,6622,1031.62,37031,8525,7860,3897,8625
广东省,2021,12684,2702.17,27567,7167.2,24357,4622,25693
广西壮族自治区,2021,5037,831.12,18326,5687.6,21966,3704,19313
海南省,2021,1020,168.72,4856,2279.1,3433,684,2998
重庆市,2021,3212,544.5,25647,2804.1,5323,922,4782
四川省,2021,8372,1382.13,45349,8389.6,11680,2412,9636
贵州省,2021,3852,621.49,19004,9013.5,20462,3256,18052
云南省,2021,4690,860.83,14973,2557.7,6088,2407,6884
西藏自治区,2021,366,67.34,612,1014.5,614,135,557
陕西省,2021,3954,797.06,12794,3129.3,5175,946,4887
甘肃省,2021,2490,406.35,10813,655,2955,1142,2856
青海省,2021,594,138.45,1590,1577.1,1767,524,1821
宁夏回族自治区,2021,725,184.96,2713,508.8,1443,456,1588
新疆维吾尔自治区,2021,2589,518.22,13483,883.5,5473,1346,5372
北京市,2020,2189,599.29,24548,4924.2,3369,964,3872
天津市,2020,1387,329.41,7926,4091.4,6029,881,6552
河北省,2020,7464,1747.28,10575,4554.4,3780,2400,4567
山西省,2020,3490,764.72,7459,6145.6,9799,2111,9204
内蒙古自治区,2020,2403,616.85,3224,2265.6,2886,809,3027
辽宁省,2020,4255,931.56,26211,1956.1,4490,1933,4942
吉林省,2020,2399,482.2,11438,4077.7,11701,1987,10503
黑龙江省,2020,3171,555.33,7608,3007,5073,993,4669
上海市,2020,2488,442.34,1332,614.3,200,812,862
江苏省,2020,8477,2038.04,67664,5642.7,8675,3805,10747
浙江省,2020,6468,1773.38,38861,5012.6,9653,3037,11066
安徽省,2020,6105,986.54,22776,5239.5,10732,2270,9412
福建省,2020,4161,730.47,14882,1996.3,12274,1555,9752
江西省,2020,4519,656.04,33643,5338.4,5535,1955,5535
山东省,2020,10165,2537.1,19475,4986.1,11575,3407,12566
河南省,2020,9941,1751.58,46322,7431.1,12643,2452,12257
湖北省,2020,5745,931.98,21731,13969.8,25322,4258,23052
湖南省,2020,6645,952.19,44144,6409.7,5320,3314,6462
广东省,2020,12624,2500.41,54946,7524.6,24662,4678,25414
广西壮族自治区,2020,5019,750.44,26771,6457.8,20519,3882,18336
海南省,2020,1012,149.05,4566,1825.7,2454,649,2105
重庆市,2020,3209,503.83,31450,1269.7,4767,922,4042
四川省,2020,8371,1289.94,45258,7292,11082,2405,9334
贵州省,2020,3858,578.26,33584,8768.8,16216,2957,13963
云南省,2020,4722,802.15,19232,2659.6,5739,2525,6344
西藏自治区,2020,366,61.54,576,952.3,610,134,482
陕西省,2020,3955,734.74,29581,3417.7,5015,1040,4871
甘肃省,2020,2501,374.78,22478,688.8,2796,1138,2778
青海省,2020,593,129.1,3314,1272.6,1566,517,1582
宁夏回族自治区,2020,721,170.95,2903,685.1,1888,465,1939
新疆维吾尔自治区,2020,2590,469.43,4948,883.4,4353,1448,4437
北京市,2019,2190,590.32,48151,3513,2788,1258,3108
天津市,2019,1385,308.88,12206,4145.9,6632,736,6703
河北省,2019,7447,1647.85,31719,4777.2,4191,2494,4890
山西省,2019,3497,710.55,14010,5831.4,8825,2052,8427
内蒙古自治区,2019,2415,576.74,6518,2403.3,4401,981,4233
辽宁省,2019,4277,861.09,54599,2154.2,4300,1946,4733
吉林省,2019,2448,451.11,22881,2264.3,4205,1032,3756
黑龙江省,2019,3255,516.11,18212,3733.5,5855,1059,5148
上海市,2019,2481,413.82,3168,693.3,295,1130,1146
江苏省,2019,8469,1912.66,94475,6036,10409,4268,12414
浙江省,2019,6375,1661.27,72799,3830.8,10563,3236,11905
安徽省,2019,6092,907.83,45643,5344.4,11993,2603,11088
福建省,2019,4137,680.33,31199,2235.6,9090,1821,9111
江西省,2019,4516,601.21,45933,6547.4,6743,1999,6481
山东省,2019,10106,2333.73,49581,5429.2,12190,3553,13150
河南省,2019,9901,1612.09,91281,10266.4,19034,2560,17462
湖北省,2019,5927,861.06,69584,13978.8,26015,4904,23168
湖南省,2019,6640,870.59,84162,3678.9,4067,898,3724
广东省,2019,12489,2326.38,101012,7547.5,21935,4932,23017
广西壮族自治区,2019,4982,673.94,34539,7739,23021,4379,20053
海南省,2019,995,137.24,9366,1821.7,3148,771,2675
重庆市,2019,3188,461.6,50990,1603.4,4776,945,4251
四川省,2019,8351,1196.95,72387,8369.7,11335,2476,9662
贵州省,2019,3848,532.15,84255,9256.1,16399,2921,13437
云南省,2019,4714,742.09,30681,3477,6249,2718,6663
西藏自治区,2019,361,55.88,1020,595.6,569,137,468
陕西省,2019,3944,675.96,59015,4000,5800,1258,5686
甘肃省,2019,2509,343.3,36085,821.8,2988,1194,2909
青海省,2019,590,119.61,5071,1027.5,1525,530,1461
宁夏回族自治区,2019,717,157.91,4905,558.3,1549,407,1544
新疆维吾尔自治区,2019,2559,436.13,15726,936.7,5211,1565,5173
北京市,2018,2192,574.04,44577,3517.1,2800,1288,3242
天津市,2018,1383,298.65,12259,4041.7,6551,750,6223
河北省,2018,7426,1529.98,35133,4838,4303,2494,4923
山西省,2018,3502,652.15,15719,5092.4,8022,2102,7636
内蒙古自治区,2018,2422,531.91,7823,3116.3,4614,1003,4230
辽宁省,2018,4291,796.37,56355,1909.5,4260,1860,4554
吉林省,2018,2484,421.92,23372,3530.8,5593,1191,4895
黑龙江省,2018,3327,477.41,20739,5432.7,5606,1289,5119
上海市,2018,2475,393.37,3151,501.1,242,647,741
江苏省,2018,8446,1776.57,97025,6442.4,11300,4490,12978
浙江省,2018,6273,1532.95,72013,4858,11410,3561,12565
安徽省,2018,6076,814.2,50770,5418.7,11936,2626,10928
福建省,2018,4104,622.82,34081,2109.9,10207,1809,9668
江西省,2018,4513,537.55,49302,5937,7668,2015,6925
山东省,2018,10077,2128.29,50044,5572.6,12332,3600,13226
河南省,2018,9864,1449.68,93707,10938.1,21638,2670,19059
湖北省,2018,5917,772.4,80990,13224.2,21218,4837,19207
湖南省,2018,6635,780.96,91007,5522.8,5398,1124,4618
广东省,2018,12348,2116.28,105249,7865.8,24025,4917,24133
广西壮族自治区,2018,4947,588.42,36134,6038.1,19314,4459,17034
海南省,2018,982,126.9,9637,1770.9,3145,839,2684
重庆市,2018,3163,419.1,52150,1867.4,5268,915,4511
四川省,2018,8321,1098.17,81462,7664.6,10427,2351,8804
贵州省,2018,3822,478.98,84053,9327.1,15752,2327,12199
云南省,2018,4703,677.5,34642,2930.7,5931,2755,6067
西藏自治区,2018,354,51.45,1047,243.5,495,124,363
陕西省,2018,3931,616.8,60269,4685.9,6196,1501,6122
甘肃省,2018,2515,315.07,36634,972.7,3243,1270,3086
青海省,2018,587,109.87,5092,1167.6,1302,508,1281
宁夏回族自治区,2018,710,144.78,5342,680.8,1735,408,1735
新疆维吾尔自治区,2018,2520,396.7,17394,1237.5,6601,1464,6181
北京市,2017,2194,563.1,44940,3149.5,2803,1378,3223
天津市,2017,1410,287.69,12538,4532.8,5542,813,5564
河北省,2017,7409,1387.21,38494,4694.8,4427,2496,4848
山西省,2017,3510,591.98,17333,3683.6,4934,2125,4988
内蒙古自治区,2017,2433,480.22,9421,1639.1,3480,1014,3385
辽宁省,2017,4312,727.08,57665,1838,4335,1971,4793
吉林省,2017,2526,387.15,25203,4562.5,5556,2013,5485
黑龙江省,2017,3399,435.32,23917,3782.1,3839,1137,3623
上海市,2017,2466,360.96,3420,362.8,221,676,709
江苏省,2017,8423,1612.82,104566,5818.9,11595,4567,13226
浙江省,2017,6170,1395.8,80099,4773.2,12160,3837,12782
安徽省,2017,6057,708.93,57365,5541.9,12806,2692,11506
福建省,2017,4065,557.01,37585,2351.9,9334,1879,8693
江西省,2017,4511,465.9,52506,5093.8,5797,2122,5356
山东省,2017,10033,1929.55,49111,6183.3,12595,3665,13403
河南省,2017,9829,1274.45,98753,4556,6123,2076,6361
湖北省,2017,5904,679.81,86772,9484.6,11070,4775,11661
湖南省,2017,6633,683.19,100390,5227.4,6658,1156,5459
广东省,2017,12141,1894.22,105919,10412.8,24477,5345,23900
广西壮族自治区,2017,4907,502.13,38083,1908.4,3660,2247,3843
海南省,2017,972,113.21,10107,1236.3,2479,674,2022
重庆市,2017,3144,370.47,53307,1813.2,5909,947,4573
四川省,2017,8289,990.3,94098,4960.2,7481,2166,6947
贵州省,2017,3803,414.01,83809,11994.8,19360,3472,14711
云南省,2017,4693,622.66,38569,3152.6,5504,2920,5371
西藏自治区,2017,349,40.88,999,278,427,165,329
陕西省,2017,3904,549.51,58580,4223.3,5578,1561,5819
甘肃省,2017,2522,287.45,38080,830,3130,1320,2755
青海省,2017,586,99.57,5070,1120.3,1175,527,1128
宁夏回族自治区,2017,705,130.94,6518,928.7,1677,376,1569
新疆维吾尔自治区,2017,2480,363.15,23568,1176.7,5522,1660,5017
北京市,2016,2195,547.44,48040,2819.4,2784,1359,3163
天津市,2016,1443,273.69,13741,4488.8,6398,821,5912
河北省,2016,7375,1245.89,39925,5008.3,4433,2500,4919
山西省,2016,3514,526.39,18702,3975.6,5278,2131,5088
内蒙古自治区,2016,2436,418.53,10347,1402.6,3297,972,3172
辽宁省,2016,4327,659.41,59054,1849.6,4491,1954,4878
吉林省,2016,2567,352.93,27186,5326.4,6068,1843,5564
黑龙江省,2016,3463,394.19,28550,4217,3906,1140,3614
上海市,2016,2467,322.87,3402,370.8,235,760,795
江苏省,2016,8381,1427.91,113494,6390,12009,4601,13299
浙江省,2016,6072,1257.35,83033,5983,14369,4187,14791
安徽省,2016,6033,600.81,70523,6323,14852,2651,12933
福建省,2016,4016,493.64,39137,2410,9665,1888,8867
江西省,2016,4496,399.29,53366,5425.6,5207,2102,4932
山东省,2016,9973,1723.34,48823,6276.9,12573,3614,13163
河南省,2016,9778,1104.47,106415,4376.1,5383,1950,5825
湖北省,2016,5885,588.69,88221,8832.1,16775,4511,16908
湖南省,2016,6625,595.8,108627,6383,9094,1572,7359
广东省,2016,11908,1674.64,102094,7380.5,26825,5501,24773
广西壮族自治区,2016,4857,424.9,39750,1854,3592,2246,3842
海南省,2016,957,96.32,9920,1515,2748,636,2045
重庆市,2016,3110,327.47,55594,2147.9,6233,953,4724
四川省,2016,8251,880.8,109716,5760.5,8395,2352,7527
贵州省,2016,3758,348.7,82199,9475.1,18108,2274,12579
云南省,2016,4677,552.05,41208,2905.9,5519,3002,5375
西藏自治区,2016,340,37.48,889,290.5,349,146,308
陕西省,2016,3874,491.23,61093,3810.7,5777,1575,5914
甘肃省,2016,2520,277.25,37932,1065.4,3177,1357,2899
青海省,2016,582,88.65,4873,750.7,1124,529,1023
宁夏回族自治区,2016,695,115.34,7910,754.9,1778,372,1606
新疆维吾尔自治区,2016,2428,327.06,28993,1190.5,5988,1594,5049
北京市,2015,2188,533.81,49931,2088.4,2617,922,2637
天津市,2015,1439,273.62,14219,3925.5,5954,826,5358
河北省,2015,7345,1075.03,43563,3995.3,4319,2498,4852
山西省,2015,3519,468.97,22085,3646.8,5495,2015,5099
内蒙古自治区,2015,2440,373.61,11017,1587.2,3121,973,3215
辽宁省,2015,4338,582.5,60269,1914.2,4774,1993,5150
吉林省,2015,2613,313.74,29013,3188.1,2697,1301,2779
黑龙江省,2015,3529,351.75,32632,3824.6,3442,1151,3276
上海市,2015,2458,282.23,3766,469.6,454,869,1070
江苏省,2015,8315,1240.91,119800,6680.4,11698,4642,12999
浙江省,2015,5985,1120.58,92304,6355.4,16157,4275,16270
安徽省,2015,6011,498.7,78072,6176.4,15382,2651,13770
福建省,2015,3984,435.37,40394,2703.9,8737,1890,7943
江西省,2015,4485,338.94,53687,5120.3,3136,1439,3058
山东省,2015,9866,1510.81,46960,5276.8,13002,3652,13376
河南省,2015,9701,952.01,112535,3524.4,6129,1776,6171
湖北省,2015,5850,498.63,87953,5174.9,4638,1695,4624
湖南省,2015,6615,507.88,119266,7253.7,11615,1792,9044
广东省,2015,11678,1471.4,98050,6783.4,27754,5562,24676
广西壮族自治区,2015,4811,363.82,41522,2145.2,4009,2099,3978
海南省,2015,945,83.29,10363,1123.1,2903,629,2103
重庆市,2015,3070,278.61,57556,1844.7,6577,969,4829
四川省,2015,8196,767.13,124014,6317.4,10188,2640,8571
贵州省,2015,3708,292.61,80621,1197,1150,741,1035
云南省,2015,4663,484.23,43688,3414,5914,3036,5375
西藏自治区,2015,330,33.18,871,301.6,435,168,334
陕西省,2015,3846,438.12,61436,3741.9,5137,1615,5406
甘肃省,2015,2523,239.36,37240,1236.3,3553,1396,3063
青海省,2015,577,78.18,4596,614.2,1183,531,1036
宁夏回族自治区,2015,684,100.94,8444,803.6,1963,395,1692
新疆维吾尔自治区,2015,2385,294.47,33229,1263.4,5747,1881,4992
北京市,2014,2171,530.83,52354,3064.7,3333,851,3196
天津市,2014,1429,274.14,14530,4256.3,6171,828,5322
河北省,2014,7323,930.08,51151,4947.9,4533,2499,5009
山西省,2014,3528,424.36,27091,2952.2,5422,2080,5121
内蒙古自治区,2014,2449,342.14,13494,1491.9,3236,1006,3406
辽宁省,2014,4358,520.04,80789,2623.6,5404,2012,5650
吉林省,2014,2642,284.57,27866,3448.5,2694,1323,2794
黑龙江省,2014,3608,322.78,36379,4069.3,3600,1153,3451
上海市,2014,2467,255.03,3754,462.9,624,902,1172
江苏省,2014,8281,1095.45,137270,6328,12101,4668,13187
浙江省,2014,5890,1012.05,112915,6655.3,17219,4403,17135
安徽省,2014,5997,422.46,131403,6733.9,18199,2647,16077
福建省,2014,3945,386.6,48580,3756.2,9817,1995,8684
江西省,2014,4480,287.68,59674,4010.6,2901,1389,2873
山东省,2014,9808,1350.25,62052,4927.6,12815,3703,13570
河南省,2014,9645,969.28,128279,3360.9,6459,1642,6355
湖北省,2014,5816,422.23,87803,5072.4,5471,1772,5271
湖南省,2014,6611,434.48,150583,7012.1,11134,1794,8542
广东省,2014,11489,1331.84,157234,7200.1,30219,5491,26445
广西壮族自治区,2014,4770,316.53,46623,1694.9,3902,2154,3942
海南省,2014,936,75.11,11042,1457.1,2872,576,2058
重庆市,2014,3043,237.04,63630,1531.1,7281,970,5220
四川省,2014,8139,666.92,126691,7320.4,11026,2664,9193
贵州省,2014,3677,244.72,80231,1282.5,1412,795,1145
云南省,2014,4653,429.74,44502,3460.9,6351,3053,5725
西藏自治区,2014,325,29.47,1408,509.1,508,247,388
陕西省,2014,3827,384.88,66720,3652.4,4609,1655,5055
甘肃省,2014,2531,185.31,36224,1290.9,3569,1430,3035
青海省,2014,576,68.84,4769,884.8,1209,532,1029
宁夏回族自治区,2014,678,91.05,8311,856,2026,393,1752
新疆维吾尔自治区,2014,2325,272.21,34847,1228.3,5765,1896,5010
北京市,2013,2125,517.11,52481,2805.2,3359,860,3063
天津市,2013,1410,261.58,14556,3924.2,4920,836,4313
河北省,2013,7288,816.29,52956,3938.3,4770,2501,5204
山西省,2013,3535,378.27,28487,2889.6,5520,2133,5303
内蒙古自治区,2013,2455,306.87,16184,1607.3,3514,1096,3643
辽宁省,2013,4365,457.05,78168,2880.4,5527,2015,5777
吉林省,2013,2668,248.35,27403,3118.5,2310,1345,2458
黑龙江省,2013,3666,289.81,35102,3760.1,3294,1158,3283
上海市,2013,2448,234.91,3476,986.2,1458,914,2011
江苏省,2013,8192,944.35,135555,6764.1,12177,4679,13395
浙江省,2013,5784,901.99,121185,7522.8,18558,4860,18298
安徽省,2013,5988,358.74,119433,7375.6,20343,2669,17610
福建省,2013,3885,332.97,46895,3408.1,9501,2138,8521
江西省,2013,4476,246.84,57915,3738.2,2935,1351,2880
山东省,2013,9746,1199.71,64019,4970.6,11971,3748,12879
河南省,2013,9573,700.69,125450,3034.9,6569,1633,6449
湖北省,2013,5798,354.4,80670,4472.8,6353,1801,5798
湖南省,2013,6600,366.74,149015,6455.5,11293,1882,8699
广东省,2013,11270,1177.37,133305,8016.9,28435,5647,25424
广西壮族自治区,2013,4731,276.29,45606,1735.4,3922,2172,3821
海南省,2013,920,64.8,10583,935,2720,493,1976
重庆市,2013,3011,192.77,61243,1579.3,7883,970,5642
四川省,2013,8109,573.03,124145,5910.5,11414,2658,9571
贵州省,2013,3632,201,77359,1477.9,1677,847,1241
云南省,2013,4641,374.01,43392,2051.6,4573,1747,3748
西藏自治区,2013,317,26.72,1326,865.1,881,290,717
陕西省,2013,3804,336.08,63650,3696.2,5452,1800,5952
甘肃省,2013,2537,156.38,33556,1212.2,3336,1435,2915
青海省,2013,571,58.84,4140,645.2,1233,532,1065
宁夏回族自治区,2013,666,79.23,7568,799.5,2179,400,1794
新疆维吾尔自治区,2013,2285,236.96,38640,1319.3,5647,1929,4944
北京市,2012,2078,493.56,132333,3017.9,3613,918,3196
天津市,2012,1378,221.12,24483,3396.9,3429,848,3101
河北省,2012,7262,728.51,97218,5022.3,4738,2503,5285
山西省,2012,3548,329.95,33662,3528.5,5982,2294,5587
内蒙古自治区,2012,2464,266.08,23310,1878.1,4108,1202,3957
辽宁省,2012,4375,414.88,90650,2914.7,5609,2024,5984
吉林省,2012,2698,209.49,66175,5128.4,2773,1388,2820
黑龙江省,2012,3724,259.87,41551,3962,3431,1192,3285
上海市,2012,2399,212.66,3748,1488,2053,916,2256
江苏省,2012,8120,802.2,255358,7198.6,12478,4733,13517
浙江省,2012,5685,773.56,220517,8054.5,19729,4962,19270
安徽省,2012,5978,303.13,206888,10726.6,21109,2691,18076
福建省,2012,3841,283.92,75044,3939.7,11410,2473,9942
江西省,2012,4475,201.64,77650,4549.8,3394,1399,3103
山东省,2012,9708,1027.16,254711,5260.3,12710,3838,13275
河南省,2012,9532,581.95,197785,2825.7,7144,1636,6732
湖北省,2012,5781,293.64,118369,5391.1,6818,1822,6009
湖南省,2012,6590,308.14,174386,6685.1,11741,1956,8748
广东省,2012,11041,1037.42,556510,8005.2,29099,5714,25720
广西壮族自治区,2012,4694,227.44,86449,1543.7,4304,2184,3984
海南省,2012,910,55.46,44374,939.9,2372,457,1752
重庆市,2012,2975,159.36,152249,1735.7,8548,980,5791
四川省,2012,8085,493.22,266338,6704.4,12046,2708,10024
贵州省,2012,3587,164.36,77172,1698.4,1982,931,1360
云南省,2012,4631,328.53,44839,2881.1,5053,1768,3941
西藏自治区,2012,315,22.77,3739,935,809,335,725
陕西省,2012,3787,284.64,105647,4015,5505,1804,5996
甘肃省,2012,2550,129.14,61884,1659.7,3345,1438,2954
青海省,2012,571,49.13,12100,453.2,1410,536,1096
宁夏回族自治区,2012,659,66.35,15666,707.2,2122,404,1767
新疆维吾尔自治区,2012,2253,203.82,36206,1242.6,5463,1943,4943
北京市,2011,2024,470.53,129918,1946.8,4503,924,3934
天津市,2011,1341,190.78,22054,2170.8,2875,908,2600
河北省,2011,7232,607.19,91857,3372.3,4661,2602,5197
山西省,2011,3562,295.33,32866,3113,7212,2308,6239
内蒙古自治区,2011,2470,233.15,21807,2335.7,4866,1270,4591
辽宁省,2011,4379,356.75,86013,2745.2,6184,2090,6446
吉林省,2011,2725,183,61830,5971.5,4034,1424,3639
黑龙江省,2011,3782,231.1,39424,4560.2,3595,1302,3435
上海市,2011,2356,194.75,3477,1295.8,1749,944,2085
江苏省,2011,8023,675.18,235673,6012.7,12460,4899,13436
浙江省,2011,5570,656.8,218415,8453.8,21263,5235,20178
安徽省,2011,5972,258.62,179440,4837.4,16493,2758,14005
福建省,2011,3784,239.93,73259,4691.3,13705,2680,11517
江西省,2011,4474,171.55,72527,4857.1,3910,1507,3354
山东省,2011,9665,851.12,241457,5050.7,12902,3974,13375
河南省,2011,9461,501.28,184213,3617.3,7398,1670,6877
湖北省,2011,5760,249.49,104971,4030,7609,1909,6490
湖南省,2011,6581,258.22,161980,5170.5,11037,2039,8118
广东省,2011,10756,910.93,493618,9358.7,31015,5873,26586
广西壮族自治区,2011,4655,187.75,79300,1622.6,4885,2287,4290
海南省,2011,890,47.81,43677,554.9,2421,473,1737
重庆市,2011,2944,129.68,136142,1363.5,8528,985,5729
四川省,2011,8064,422.17,242615,7330.9,14982,2805,11860
贵州省,2011,3530,136.37,66303,1611.4,2270,1020,1566
云南省,2011,4620,280.04,41394,2688.6,6467,1806,5022
西藏自治区,2011,309,19.92,3659,689.3,1013,317,943
陕西省,2011,3765,236.43,101062,3331.9,6087,1893,6362
甘肃省,2011,2552,105.59,58355,2839.5,3578,1505,3027
青海省,2011,568,39.85,11308,455,1420,559,1163
宁夏回族自治区,2011,648,53.35,14440,763.6,2404,428,1829
新疆维吾尔自治区,2011,2225,161.66,33166,1031,5895,1993,5182
北京市,2010,1962,449.72,126130,2431.3,4857,974,4279
天津市,2010,1299,158.24,21883,1987.1,3671,950,3165
河北省,2010,7194,492.88,83289,3890.8,5785,2693,5959
山西省,2010,3574,247.89,32606,3593.7,8200,2449,6962
内蒙古自治区,2010,2472,187.8,19830,2359.8,5202,1375,4780
辽宁省,2010,4375,296.32,87699,3124.9,6428,2129,6781
吉林省,2010,2747,152.89,58577,2666.1,5178,1454,4438
黑龙江省,2010,3833,194.79,36001,2456.6,3740,1395,3466
上海市,2010,2303,175.51,3634,956.6,1862,1009,2176
江苏省,2010,7869,550.8,215850,4951.1,13234,5031,13793
浙江省,2010,5447,542.05,215708,9047.2,23589,5382,21698
安徽省,2010,5957,209.81,153697,2417.7,9596,2877,7901
福建省,2010,3693,197.08,70714,4839.2,15430,2822,12714
江西省,2010,4462,137.43,70628,4184,4938,1603,4126
山东省,2010,9588,705.89,240044,5261.2,14611,4268,14560
河南省,2010,9405,399.73,158630,3186.8,8710,1825,7890
湖北省,2010,5728,207.49,96873,3436.5,7884,1944,6543
湖南省,2010,6570,211.06,148235,4104.4,11621,2162,8413
广东省,2010,10441,782.26,442224,8048.8,36518,6203,30370
广西壮族自治区,2010,4610,152.06,72208,1678.4,5375,2342,4351
海南省,2010,869,39.24,42785,552.6,2205,471,1488
重庆市,2010,2885,114.3,122125,1225.9,8728,1017,5908
四川省,2010,8045,354.97,230988,5398.5,16980,2931,13072
贵州省,2010,3479,115.76,65452,1296,2906,1136,1764
云南省,2010,4602,233.91,36230,2530.2,5900,1886,4739
西藏自治区,2010,300,16.62,8066,620.4,969,409,781
陕西省,2010,3735,190.64,87457,3319.8,6144,1944,6004
甘肃省,2010,2560,85.04,51404,1116.2,3728,1506,3090
青海省,2010,563,30.99,10439,390.4,1494,573,1206
宁夏回族自治区,2010,633,41.52,12919,658,2564,442,1806
新疆维吾尔自治区,2010,2185,127.14,30413,903.3,6028,2023,5298
北京市,2009,1860,368.11,121373,2054.8,4426,981,3814
天津市,2009,1228,130,21090,2256.2,4608,945,3839
河北省,2009,7034,395.8,70579,4451.7,7422,2766,6802
山西省,2009,3427,205.95,31122,3501.2,8829,2773,7697
内蒙古自治区,2009,2458,150.06,17998,1528.5,4632,1440,4166
辽宁省,2009,4341,242.07,81585,3145.6,6657,2156,6973
吉林省,2009,2740,123.74,52723,2261.4,6313,1483,5277
黑龙江省,2009,3826,160.17,32947,2110,3638,1419,3331
上海市,2009,2210,147.11,2995,1216.3,2702,1042,2831
江苏省,2009,7810,436.81,191001,5496.9,13997,5202,14542
浙江省,2009,5276,431.73,188364,8847,25489,5689,23391
安徽省,2009,6131,167.36,135984,2426.8,10307,2931,8191
福建省,2009,3666,159.34,71586,4687.4,16247,2911,13633
江西省,2009,4432,107.08,64770,3921,5163,1644,4262
山东省,2009,9470,553.51,226134,5616.1,16948,4518,16166
河南省,2009,9487,316.07,136279,3302.9,10159,2018,8587
湖北省,2009,5720,168.32,88703,2850.3,8201,1952,6630
湖南省,2009,6406,167.59,133359,3822,10082,2154,7444
广东省,2009,10130,658.9,406704,8552.9,38598,6542,32455
广西壮族自治区,2009,4856,119.85,65405,1862.7,6504,2437,5196
海南省,2009,864,30.64,39461,399.6,1873,499,1323
重庆市,2009,2859,90.89,110150,1048.4,9178,1031,5992
四川省,2009,8185,284.69,211288,5769.6,25179,3057,21680
贵州省,2009,3537,91.43,59981,1213.9,2606,1210,1816
云南省,2009,4571,189.1,32775,2371.7,6549,1888,5075
西藏自治区,2009,296,14.85,7759,585.1,748,369,678
陕西省,2009,3727,146.27,79033,2988.8,5404,2034,5501
甘肃省,2009,2555,65.75,47755,1224.9,3353,1553,2937
青海省,2009,557,24.35,9603,392.8,1334,578,1146
宁夏回族自治区,2009,625,31.54,12034,534.2,2192,457,1856
新疆维吾尔自治区,2009,2159,101.53,28541,996.2,5787,2080,5120
北京市,2008,1771,313.68,117118,2066.6,4530,986,3943
天津市,2008,1176,108.47,20850,3069.7,4494,1225,4048
河北省,2008,6989,316.77,66242,4821,8056,2928,7621
山西省,2008,3411,174.22,31397,3423.7,8937,2910,7867
内蒙古自治区,2008,2444,121.07,16207,1441.8,5450,1610,5056
辽宁省,2008,4315,194.98,77510,3762.8,6794,2280,7214
吉林省,2008,2734,98.98,50511,2448.3,6691,1660,5782
黑龙江省,2008,3825,126.21,31379,2005.7,4905,1703,4528
上海市,2008,2141,132.12,2934,1476.9,2553,1100,2745
江苏省,2008,7762,349.51,174000,5008.5,15377,5252,15431
浙江省,2008,5212,352.84,206110,9803.3,28917,5864,25911
安徽省,2008,6135,134.89,124427,2308.2,10282,3027,8412
福建省,2008,3639,130.76,68409,4876.7,18831,3071,15657
江西省,2008,4400,82.97,60573,5527.6,6853,1779,5914
山东省,2008,9417,426.31,205917,6872,20058,5026,19594
河南省,2008,9429,249.04,122414,4910.5,13024,2822,11529
湖北省,2008,5711,136.86,82532,2790.5,9547,2022,7686
湖南省,2008,6380,134.04,124274,3740.9,9899,2530,7622
广东省,2008,9893,573.46,462997,10013.6,46998,7182,39389
广西壮族自治区,2008,4816,94.89,60645,2023.6,7395,2677,6106
海南省,2008,854,25.81,36578,434.4,2114,469,1449
重庆市,2008,2839,73.64,102680,1089.8,10905,1048,7262
四川省,2008,8138,219.05,196055,5830.8,21983,3344,17037
贵州省,2008,3596,71.92,36019,1480.2,3209,1348,2219
云南省,2008,4543,153.57,31157,2542,5917,2082,5037
西藏自治区,2008,292,12.86,6786,620.4,660,384,600
陕西省,2008,3718,111.66,70566,2917.2,6889,2156,7205
甘肃省,2008,2551,50.57,43962,1447.3,3691,1556,3364
青海省,2008,554,20.25,8996,269.8,1291,604,1120
宁夏回族自治区,2008,618,24.35,11363,818.5,2369,525,2172
新疆维吾尔自治区,2008,2131,83.86,31506,1129.7,6300,2314,5684
北京市,2007,1676,273.36,9275,2620.2,6257,1182,5335
天津市,2007,1115,93.25,5253,2532.9,5196,849,4482
河北省,2007,6943,273.25,82648,5363.7,9101,3372,8503
山西省,2007,3393,144.33,39632,3860.3,10509,3062,9078
内蒙古自治区,2007,2429,99.77,35039,1807.4,7169,1834,6305
辽宁省,2007,4298,171.36,59562,3610.1,7812,2534,8005
吉林省,2007,2730,86.8,26506,3218.4,8099,1870,6956
黑龙江省,2007,3824,108.1,54592,2613.3,7470,1906,6715
上海市,2007,2064,119.7,2872,1933.2,3766,1171,3952
江苏省,2007,7723,296.31,179206,6309.6,18617,5884,18150
浙江省,2007,5155,301.61,179501,11432.9,35139,6425,30664
安徽省,2007,6118,113.42,82247,3467,17153,3682,13273
福建省,2007,3612,110.87,60088,5930.6,23865,3541,20040
江西省,2007,4368,69.9,38644,5564.6,8671,1939,7535
山东省,2007,9367,359.59,117309,8302.7,25809,5760,25867
河南省,2007,9360,210.32,115460,6320.5,19087,3430,16314
湖北省,2007,5699,115.46,77514,3425.3,11355,2142,8986
湖南省,2007,6355,109.83,116780,4962.1,12982,3055,9899
广东省,2007,9660,505.29,186835,12075.3,55566,7994,46558
广西壮族自治区,2007,4768,79.64,57351,2690,9821,2926,7652
海南省,2007,845,22.11,39050,679.4,2067,527,1534
重庆市,2007,2816,63.63,73316,1320.8,11893,1218,8236
四川省,2007,8127,183.62,196871,7677.6,28509,3790,21598
贵州省,2007,3632,60.05,70377,1848.8,3164,1356,2292
云南省,2007,4514,133.23,42913,2214.1,6249,2323,5425
西藏自治区,2007,289,11.61,460,642,741,438,638
陕西省,2007,3708,91.13,43555,3822.6,8484,2270,9063
甘肃省,2007,2548,43.04,18510,1300.9,4286,1548,3808
青海省,2007,552,15.6,5214,311.1,1108,633,1041
宁夏回族自治区,2007,610,20.09,7752,768.9,2805,575,2570
新疆维吾尔自治区,2007,2095,72.1,26348,1252,7692,2413,6735
北京市,2006,1601,239.12,2482,2772,6681,1373,5808
天津市,2006,1075,79.22,3807,3319.2,5865,878,4913
河北省,2006,6898,229.34,77931,5846,9580,3486,8631
山西省,2006,3375,121.55,38416,5422.9,12340,3413,10981
内蒙古自治区,2006,2415,83.79,31817,1879.3,7058,1874,6481
辽宁省,2006,4271,159.22,53317,4397.7,8325,2611,8671
吉林省,2006,2723,72.25,24198,3703.9,7820,2138,7415
黑龙江省,2006,3823,94,51023,3236.8,7139,2164,6732
上海市,2006,1964,107.04,2784,3301,6665,1231,6585
江苏省,2006,7656,240.8,153725,9179.7,23458,6891,23852
浙江省,2006,5072,248.36,165441,14233.4,42313,6619,36768
安徽省,2006,6110,94.61,74668,4848.1,17987,3901,14151
福建省,2006,3585,89.57,55713,8742.3,25097,3871,21924
江西省,2006,4339,58.07,38454,6073.1,10079,2190,8867
山东省,2006,9309,299.23,103298,9511.2,28945,6309,30056
河南省,2006,9392,183.38,101345,6849.2,19193,4046,18402
湖北省,2006,5693,98.74,69335,4750,11976,2304,9590
湖南省,2006,6342,91.76,112135,5745.5,16493,3563,12202
广东省,2006,9442,428.95,175567,16384.9,67637,8828,56217
广西壮族自治区,2006,4719,66.14,52609,2803.6,11337,3016,8895
海南省,2006,836,19.23,30044,603.1,1960,427,1398
重庆市,2006,2808,56.07,58179,1775.3,12082,1299,9001
四川省,2006,8169,157.23,184852,8283.3,29342,4090,24338
贵州省,2006,3690,49.36,65786,1869.4,3643,1422,2734
云南省,2006,4483,114.72,40861,2761.9,8332,2627,6692
西藏自治区,2006,285,9.82,445,731.1,1001,536,751
陕西省,2006,3699,75.7,38606,5358.2,9995,2711,10546
甘肃省,2006,2547,37.26,17319,1788.3,5315,1701,4828
青海省,2006,548,13.34,4861,374.8,1199,662,939
宁夏回族自治区,2006,604,16.86,7191,748,3434,666,2985
新疆维吾尔自治区,2006,2050,62.63,24278,1662.8,8848,2608,7428
北京市,2005,1538,209.73,2261,2915.6,6888,1515,6364
天津市,2005,1043,67.68,2961,2455.8,4939,970,4406
河北省,2005,6851,198.23,75402,7646.2,11449,4075,11187
山西省,2005,3355,107.44,36456,5782.9,13575,3819,13342
内蒙古自治区,2005,2403,65.82,28604,2784.7,8000,2106,8453
辽宁省,2005,4221,134.87,49917,5907,9159,2919,10341
吉林省,2005,2716,65.27,22870,4468.2,6837,2428,9659
黑龙江省,2005,3820,85.9,46809,3464.9,7655,2164,7506
上海市,2005,1890,95.16,2468,7960.9,8850,1393,9238
江苏省,2005,7588,192.25,138287,12668.1,25530,7603,27690
浙江省,2005,4991,202.92,152222,15718,48262,6881,43266
安徽省,2005,6120,80.5,68927,6118.5,19771,4355,17474
福建省,2005,3557,69.79,52452,9278.9,27696,4125,26195
江西省,2005,4311,48.36,37253,7697.6,8370,2428,8585
山东省,2005,9248,246.96,93178,11816.4,32456,7050,35251
河南省,2005,9380,152.17,91920,10674.9,22831,4587,23778
湖北省,2005,5710,86.24,66183,4958,10555,2417,9585
湖南省,2005,6326,78.34,109728,7131.4,18271,3832,15013
广东省,2005,9194,372.96,139158,20882.8,77591,9959,67756
广西壮族自治区,2005,4660,59.14,48740,4405.6,12562,3489,10717
海南省,2005,828,16.4,25705,638.2,1964,497,1479
重庆市,2005,2798,46.93,60588,2598.5,13580,1484,10605
四川省,2005,8212,138,159450,10745.4,30906,4415,29628
贵州省,2005,3730,46.77,61414,2507.1,3984,1647,3315
云南省,2005,4450,103.6,38509,3502.2,7549,2901,6870
西藏自治区,2005,280,7.07,385,877.8,891,540,845
陕西省,2005,3690,63.21,34780,6241.6,8905,2698,12011
甘肃省,2005,2545,33.74,16247,2252.8,5406,1799,5414
青海省,2005,543,12.18,4525,410.9,1121,736,952
宁夏回族自治区,2005,596,15.63,6757,1055.8,3922,796,3803
新疆维吾尔自治区,2005,2010,56.42,23225,2834.5,10436,3110,9526
北京市,2004,1493,182.42,41463,4058,8284,1631,8536
天津市,2004,1024,58.34,2457,3273.8,4859,992,5485
河北省,2004,6809,180.91,72500,7760.1,15088,4565,15095
山西省,2004,3335,81.63,35688,8403.2,13843,4172,17206
内蒙古自治区,2004,2393,60.18,25510,2798.8,8500,2239,9889
辽宁省,2004,4217,116.27,47370,7398.9,10212,3346,12985
吉林省,2004,2709,57.31,22293,5046.3,6892,2515,9955
黑龙江省,2004,3817,74.16,42170,4331.4,8318,2463,8532
上海市,2004,1835,83.51,2465,19148.6,11304,1543,27136
江苏省,2004,7523,161.19,122218,17655.8,23493,8100,31431
浙江省,2004,4925,162.34,142177,27853.4,50748,7549,50039
安徽省,2004,6228,68.28,65075,6996,17880,4794,18006
福建省,2004,3529,58.01,50862,9408.8,24314,4393,24274
江西省,2004,4284,40.48,35312,6370,10004,2760,10531
山东省,2004,9180,211.43,84290,13283.3,36077,7804,39815
河南省,2004,9717,130.97,85016,12443,24628,5467,26540
湖北省,2004,5698,77.83,63127,7741.2,11724,2530,13584
湖南省,2004,6698,71.78,99975,8546.7,18382,3824,16116
广东省,2004,9111,305.4,131435,24127.2,78562,10657,68423
广西壮族自治区,2004,4889,49.07,45578,5427,14258,3641,13263
海南省,2004,818,14.55,24981,819.4,2232,520,2041
重庆市,2004,2793,34.84,60833,2894,12619,1619,11109
四川省,2004,8090,126.78,150176,11253.8,28218,4890,28484
贵州省,2004,3904,34.09,56077,2353.3,3488,1831,3395
云南省,2004,4415,88.86,36502,5195.9,7250,3210,11421
西藏自治区,2004,276,8.24,256,956.4,1001,594,1097
陕西省,2004,3681,62.53,31763,6242.6,8988,2949,13348
甘肃省,2004,2541,19.39,15050,2512.2,5566,1992,6361
青海省,2004,539,10.45,4193,565.4,1428,742,1212
宁夏回族自治区,2004,588,12.4,6359,1312,3802,864,4216
新疆维吾尔自治区,2004,1963,50.07,21355,2964.8,8902,2881,8364
北京市,2003,1456,163.07,24940,4361.4,9877,1641,10842
天津市,2003,1011,53.78,2109,5460.5,5892,1129,10267
河北省,2003,6769,155.61,60767,10642.6,19260,4789,24333
山西省,2003,3314,73.82,34328,8783,14145,3623,18556
内蒙古自治区,2003,2386,49.85,20831,2368.9,7995,2103,9833
辽宁省,2003,4210,103.54,41076,8908.6,12233,3536,18443
吉林省,2003,2704,53.07,20112,5280.1,8057,2227,11127
黑龙江省,2003,3815,76.17,39347,4605.7,9599,2447,9954
上海市,2003,1766,71.9,2052,39721.2,11179,1406,54196
江苏省,2003,7458,131.77,118046,24302,21555,6640,40383
浙江省,2003,4857,135.82,133968,54268.1,36086,7149,56975
安徽省,2003,6163,64.73,59544,8561,18572,4155,21791
福建省,2003,3502,52.08,45483,14229.7,26003,3993,33290
江西省,2003,4254,35.56,33196,7783.4,11542,2818,13998
山东省,2003,9125,175.74,72754,17702,41030,8905,49414
河南省,2003,9667,119.75,76301,15529,30925,5756,40477
湖北省,2003,5685,72.86,58371,9671.7,14251,2729,20047
湖南省,2003,6663,65.08,90353,10547.7,20562,3664,19414
广东省,2003,8963,257.96,122265,31387.5,73170,11151,68903
广西壮族自治区,2003,4857,43.44,40524,7066.5,13915,3607,15221
海南省,2003,811,12.58,24037,1156.4,2057,533,2335
重庆市,2003,2803,34.25,55673,4291.3,11326,1037,16086
四川省,2003,8176,113.87,133782,13123.4,31169,4907,37326
贵州省,2003,3870,32.46,52695,2815.2,4260,1976,5005
云南省,2003,4376,77.09,33039,9783.5,7083,3138,20676
西藏自治区,2003,272,6.06,125,1266.7,1161,621,1317
陕西省,2003,3672,54.01,28159,3893.3,9406,2324,12502
甘肃省,2003,2537,27.39,13732,3498.9,5948,2090,7659
青海省,2003,534,10.47,3870,737.6,1635,744,1619
宁夏回族自治区,2003,580,12.39,5605,1426.1,4237,889,5249
新疆维吾尔自治区,2003,1934,46.76,17251,3741.6,10044,2645,10269
北京市,2002,1423,133.93,22103,4112,10456,1499,12053
天津市,2002,1007,48.33,1870,5402.9,6021,1218,10217
河北省,2002,6735,135.74,71081,13368.5,28662,6182,37895
山西省,2002,3294,63.85,35480,7931,15416,3644,19641
内蒙古自治区,2002,2384,42.73,22421,2446.2,7984,2143,9572
辽宁省,2002,4203,88.68,43554,11179.1,14906,4210,19777
吉林省,2002,2699,47.57,19904,5610.8,14304,2304,27401
黑龙江省,2002,3813,60.28,41490,4936.1,10593,2446,11471
上海市,2002,1713,62.3,2046,29754.2,15585,1398,46733
江苏省,2002,7406,104.5,110139,23653.4,26171,6947,50001
浙江省,2002,4776,107.83,128980,52382.8,34975,6642,62085
安徽省,2002,6144,54.66,62087,9462.4,21292,4557,28114
福建省,2002,3476,43.63,46570,15256.9,26735,3959,36080
江西省,2002,4222,30.31,34183,7456.3,14669,3163,17772
山东省,2002,9082,150.53,71803,17581.8,47510,9167,56818
河南省,2002,9613,105.82,85078,14697.8,36282,6618,45427
湖北省,2002,5672,62.33,58523,8154.9,15822,2776,20469
湖南省,2002,6629,57.67,91653,9100.4,27468,3658,28056
广东省,2002,8842,230.89,108509,35833.8,75040,12035,78929
广西壮族自治区,2002,4822,40.14,42459,6887.2,15109,3633,16205
海南省,2002,803,10.94,22979,1186.3,2051,500,2369
重庆市,2002,2814,29.07,58512,4683.1,12352,1076,16455
四川省,2002,8110,98.97,135609,13984.1,34709,5453,49858
贵州省,2002,3837,29.29,53478,2420.1,3246,1760,4259
云南省,2002,4333,69.94,36726,10732.7,8843,3146,20700
西藏自治区,2002,268,5.87,128,881.8,840,462,1065
陕西省,2002,3662,48.34,28663,3864.1,10260,2340,12771
甘肃省,2002,2531,25.68,13420,3264.9,6363,2188,7696
青海省,2002,529,8.63,3556,684.6,1628,708,1628
宁夏回族自治区,2002,572,9.59,5832,1748.4,7583,986,11525
新疆维吾尔自治区,2002,1905,45.15,16421,3779.5,9199,2563,10095
北京市,1999,,95.14,9878,15539.4,10607,1502,32292
天津市,1999,,43.67,1671,4991.4,4681,1042,6870
河北省,1999,,91.08,56862,5494.2,7399,3400,9102
山西省,1999,,49.27,26252,2605.1,5204,1854,6572
内蒙古自治区,1999,,33.24,18576,1894.5,4395,1649,6744
辽宁省,1999,,87.71,38382,8645.7,7667,2872,14606
吉林省,1999,,34.28,17352,2825.6,3729,2118,6884
黑龙江省,1999,,49.27,38562,1235.9,2301,1377,3092
上海市,1999,,42.55,1127,15929.7,7774,726,26108
江苏省,1999,,63.92,95564,16546.4,15448,6123,29872
浙江省,1999,,57.59,111771,33679.1,26684,5731,46217
安徽省,1999,,32.57,57120,3445.5,6729,2952,8233
福建省,1999,,27.82,63136,9730,16184,3399,19191
江西省,1999,,22.4,30549,3856.6,5645,2803,7990
山东省,1999,,98.13,56846,14298,27878,8674,41164
河南省,1999,,76.59,73493,7232.2,12025,3738,13762
湖北省,1999,,46.46,55894,5450.6,11017,3941,12902
湖南省,1999,,42.73,81675,7776.4,14548,3650,14981
广东省,1999,,143.8,85611,20232.5,43834,7487,38339
广西壮族自治区,1999,,28.13,37412,3715.1,6856,2665,7265
海南省,1999,,9.59,17836,1310.3,2028,408,2093
重庆市,1999,,18.84,48343,2608,5268,1032,8030
四川省,1999,,68.78,107907,6306.2,14077,3725,16421
贵州省,1999,,21.71,46807,1596.1,1370,1133,1885
云南省,1999,,57.8,30796,4300.7,3517,2003,6006
西藏自治区,1999,,3.87,78,591.3,451,210,744
陕西省,1999,,34.02,25000,3585.9,7258,2180,10112
甘肃省,1999,,20.68,11223,773.5,1462,1294,2002
青海省,1999,,8.35,3055,483.9,1161,441,1305
宁夏回族自治区,1999,,7.79,4860,1107,1961,835,2768
新疆维吾尔自治区,1999,,35.17,15366,4615.1,6922,2565,9308
北京市,1998,,89.85,6704,16454.6,8469,1487,35779
天津市,1998,,40.02,1651,3508.2,2740,851,4166
河北省,1998,,81.03,53761,5059.4,6488,3166,7948
山西省,1998,,45.77,24612,2309.7,3742,1702,4832
内蒙古自治区,1998,,29.19,17552,1614.8,3228,1281,5267
辽宁省,1998,,66.51,40468,9182,8772,2853,16741
吉林省,1998,,33.71,16431,3720.9,4074,2265,7922
黑龙江省,1998,,46.2,37439,1250.2,1889,1523,2823
上海市,1998,,38.69,1922,15187.8,6512,781,23998
江苏省,1998,,56.11,92215,14180.9,13025,6190,24567
浙江省,1998,,47.83,111847,24891.1,17759,5500,28707
安徽省,1998,,30.8,55715,3303.6,4715,2706,5887
福建省,1998,,24.81,57935,10957,15651,3587,19884
江西省,1998,,20.92,28746,2258.1,2762,1959,4312
山东省,1998,,90.04,47574,9316.3,14476,6427,21319
河南省,1998,,68.09,69917,7193.4,10939,3679,13573
湖北省,1998,,43.22,51786,5040.1,8073,3590,10336
湖南省,1998,,41.58,73681,5999.9,9868,3271,9971
广东省,1998,,135.51,120810,22922.3,36038,8229,38830
广西壮族自治区,1998,,27.25,36006,3381.8,5167,2150,5478
海南省,1998,,9.06,14733,1029.7,1512,364,1501
重庆市,1998,,16.6,44872,2082.3,3698,1035,6286
四川省,1998,,64.56,123486,6040,12680,3128,15080
贵州省,1998,,19.68,42793,1734.2,1457,1232,2345
云南省,1998,,52.3,28048,3545.5,2959,1961,5565
西藏自治区,1998,,3.8,71,494.5,316,242,659
陕西省,1998,,30.33,24500,4019.4,6875,2166,10232
甘肃省,1998,,19.12,10796,678.7,1289,1252,1816
青海省,1998,,7.76,2889,695.4,1138,562,1349
宁夏回族自治区,1998,,6.75,4606,950.5,1270,635,1971
新疆维吾尔自治区,1998,,32.21,13766,3949.1,5140,2293,6985
北京市,1997,,78.43,4903,13477.1,5638,919,24968
天津市,1997,,36.47,1640,2176.8,1161,433,2093
河北省,1997,,77.34,33755,5734.8,6448,3203,9123
山西省,1997,,42.38,21952,2381.5,3199,1679,4481
内蒙古自治区,1997,,25.45,16287,1802.6,3297,1323,5677
辽宁省,1997,,67.54,38578,9635.6,8577,2912,16552
吉林省,1997,,33.14,14821,3469.6,3653,2358,7976
黑龙江省,1997,,47.21,34990,1058.6,1817,1370,2691
上海市,1997,,38.34,1784,13682.4,5831,780,21565
江苏省,1997,,51.99,88826,10170.8,6938,5030,12898
浙江省,1997,,41.58,108654,23507,15618,5465,25139
安徽省,1997,,28.36,54321,3030.8,3943,2756,5735
福建省,1997,,22.18,55468,10034,12578,3385,17644
江西省,1997,,19.02,30210,1997.2,2515,1917,4154
山东省,1997,,84.75,41144,7680.8,10824,6002,15269
河南省,1997,,60.35,65786,6387.3,9963,3569,13135
湖北省,1997,,41.43,50030,5453.7,7061,3551,9774
湖南省,1997,,38.12,73233,6586.6,9778,3308,10406
广东省,1997,,123.43,119672,26020.3,33020,7592,38820
广西壮族自治区,1997,,25.21,34752,5027.1,5092,2060,5467
海南省,1997,,9.51,15875,1005.3,1232,307,1263
重庆市,1997,,17.39,41143,1797.6,2722,929,5237
四川省,1997,,54.23,127102,6173.3,10485,3028,13955
贵州省,1997,,18,41169,1789.7,1397,1048,2414
云南省,1997,,47.1,25947,2764.7,2525,1998,4615
西藏自治区,1997,,3.5,124,451.9,277,181,573
陕西省,1997,,26.99,24420,4717,6773,2273,11137
甘肃省,1997,,17.12,10319,557.1,1184,1195,1764
青海省,1997,,7.19,3815,999.3,1202,482,1511
宁夏回族自治区,1997,,6.01,4250,974.9,1224,672,2000
新疆维吾尔自治区,1997,,29.33,19613,4070.4,4156,2136,6181
北京市,1996,,62.18,4395,9357.8,4239,851,14688
天津市,1996,,32.34,1496,2271.9,921,438,2078
河北省,1996,,69.4,32303,7061.3,8148,3757,12151
山西省,1996,,38.41,20080,1942,2723,1523,4073
内蒙古自治区,1996,,21.04,15418,1865.3,3090,1304,5957
辽宁省,1996,,63.48,34151,9261.3,8123,2866,16152
吉林省,1996,,26.8,13728,3226.8,3676,2386,7945
黑龙江省,1996,,40.12,28662,1041.2,1662,1441,2589
上海市,1996,,34.28,1600,13464.9,4380,783,20058
江苏省,1996,,47.09,86801,9547.9,6138,4913,12236
浙江省,1996,,37.44,107317,20900.9,13926,5438,22266
安徽省,1996,,28.1,54278,2576.2,3624,2719,5424
福建省,1996,,20.13,51075,8759.8,11052,3153,16525
江西省,1996,,17.35,28061,2079.4,2497,1861,4557
山东省,1996,,82.96,39685,7240.5,9854,5831,14835
河南省,1996,,51.41,62464,6464.5,9492,3552,13343
湖北省,1996,,37.9,49850,5326.6,5892,3439,8948
湖南省,1996,,37.48,71087,6967.4,10448,3368,10994
广东省,1996,,116.33,119938,25889.8,27635,7664,38967
广西壮族自治区,1996,,23.71,32582,3547.3,5136,1923,5462
海南省,1996,,9.87,12481,1398.6,1134,339,1384
重庆市,1996,,15.72,37410,,,,
四川省,1996,,62.55,140000,7307.1,12694,4366,17767
贵州省,1996,,16.55,40245,1770.5,1538,1232,2815
云南省,1996,,38.81,22563,2525.7,2458,1944,4246
西藏自治区,1996,,3.05,54,406.9,515,267,553
陕西省,1996,,26.53,22320,4158,6264,2125,10774
甘肃省,1996,,16.5,10509,573.8,1177,1151,1813
青海省,1996,,6.57,2500,836.3,1111,527,1516
宁夏回族自治区,1996,,5.76,3792,914.1,1360,631,2105
新疆维吾尔自治区,1996,,25.93,12664,3084.7,3540,1863,5464
